t,x,y,event_type,vel,
1,NaN,NaN,4,NaN
1,NaN,NaN,4,NaN
1,NaN,NaN,4,NaN
1,NaN,NaN,4,NaN
1,527.83,394.31,0,2.2608
1,527.89,394.35,0,2.0372
1,528.03,394.2,0,2.5517
1,528.14,394.03,0,3.0349
1,528.18,393.86,0,3.2007
1,528.22,393.63,0,3.8676
1,528.11,393.23,0,4.2631
1,527.88,392.89,0,3.4678
1,527.86,392.66,0,2.3339
1,527.97,392.61,0,2.1437
1,528.23,392.57,0,2.284
1,528.51,392.62,0,2.8563
1,528.72,392.84,0,3.6712
1,528.86,393.18,0,3.704
1,528.89,393.42,0,3.0498
1,528.92,393.52,0,2.9512
1,529.22,393.42,0,3.8331
1,529.64,393.13,0,3.6428
1,529.91,392.69,0,3.5812
1,529.91,392.28,0,3.7219
1,529.72,392.03,0,3.6264
1,529.37,392.08,0,4.9973
1,528.88,392.2,0,6.2439
1,528.39,392.22,0,6.4106
1,527.96,392.06,0,4.7589
1,527.68,391.84,0,3.3353
1,527.54,391.66,0,3.4732
1,527.57,391.48,0,3.8919
1,527.63,391.29,0,4.5542
1,527.58,391.02,0,3.5486
1,527.37,390.85,0,3.208
1,527.09,390.61,0,3.5087
1,526.78,390.36,0,3.6641
1,526.77,390.26,0,3.5023
1,526.98,390.19,0,4.0137
1,527.07,390.08,0,5.8034
1,526.8,389.73,0,7.7114
1,526.21,388.96,0,8.3328
1,525.47,388.54,0,7.935
1,524.78,388.31,0,6.6619
1,524.34,388.37,0,5.2725
1,524.29,388.51,0,5.551
1,524.26,389.03,0,7.0819
1,524.2,389.67,0,9.3696
1,524.1,390.29,0,9.7734
1,523.99,390.77,0,10.032
1,523.93,391.6,0,10.775
1,523.84,392.43,0,10.491
1,523.88,393.27,0,8.9974
1,523.97,393.8,0,5.2429
1,523.83,394.11,0,3.3701
1,523.67,394.09,0,2.3361
1,523.46,393.88,0,3.3406
1,523.31,393.5,0,4.8042
1,523.16,393.2,0,5.9828
1,522.86,392.84,0,6.5341
1,522.54,392.62,0,6.4015
1,522.17,392.45,0,6.2199
1,521.67,392.26,0,6.3628
1,521.19,392.18,0,5.6955
1,520.78,392.18,0,4.7713
1,520.51,392.32,0,3.1662
1,520.43,392.44,0,1.941
1,520.44,392.36,0,2.3498
1,520.49,392.19,0,3.0682
1,520.34,391.89,0,3.0546
1,520.13,391.64,0,2.7576
1,520.01,391.43,0,2.4552
1,519.91,391.38,0,2.0454
1,519.82,391.42,0,1.7363
1,519.82,391.38,0,1.0697
1,519.83,391.4,0,1.2471
1,519.85,391.23,0,1.2666
1,519.74,391.07,0,1.2335
1,519.78,391.03,0,1.5122
1,519.88,390.92,0,1.3603
1,519.88,390.88,0,2.1841
1,519.73,390.88,0,3.7397
1,519.35,390.91,0,4.6102
1,518.83,391.18,0,4.8826
1,518.45,391.24,0,4.4191
1,518.27,391.46,0,4.6155
1,518.18,391.69,0,4.5731
1,518.05,391.83,0,3.9814
1,517.95,392.09,0,3.142
1,517.8,392.24,0,2.805
1,517.44,392.28,0,2.6491
1,517.17,392.36,0,1.8564
1,517.15,392.32,0,0.67423
1,517.41,392.45,0,1.3515
1,517.66,392.31,0,1.1321
1,517.69,392.18,0,0.77098
1,517.64,392.17,0,1.1708
1,517.47,392.2,0,1.453
1,517.14,392.13,0,1.8201
1,516.86,392.31,0,0.64961
1,516.92,392.45,0,0.37242
1,517.14,392.65,0,2.2421
1,517.5,392.32,0,3.5473
1,517.63,391.95,0,3.9589
1,517.73,391.56,0,3.4912
1,517.64,391.32,0,2.5367
1,517.52,391.14,0,2.087
1,517.41,391.23,0,1.4207
1,517.47,391.23,0,1.3752
1,517.38,391.25,0,1.4879
1,517.31,391.15,0,0.97676
1,517.12,391.12,0,0.30333
1,517.03,391.06,0,1.1638
1,517.04,391.11,0,1.9196
1,517.27,391.28,0,3.1876
1,517.66,391.44,0,3.9332
1,518.09,391.5,0,3.9441
1,518.35,391.44,0,3.3859
1,518.55,391.54,0,1.8053
1,518.55,391.56,0,2.2165
1,518.37,391.67,0,3.5747
1,518.09,391.88,0,4.2423
1,517.76,392.18,0,5.0754
1,517.62,392.55,0,5.3031
1,517.53,392.93,0,4.7913
1,517.55,393.25,0,4.0008
1,517.74,393.59,0,3.8526
1,517.91,393.73,0,2.9245
1,517.93,393.84,0,2.7562
1,517.96,393.91,0,2.5084
1,518.04,393.8,0,3.8296
1,518.38,393.78,0,5.6662
1,518.81,393.84,0,6.8855
1,519.37,393.86,0,7.8823
1,520.05,393.92,0,7.626
1,520.64,394.1,0,6.6356
1,521.03,394.35,0,4.7608
1,521.36,394.65,2,1.7492
1,521.53,394.8,2,5.7932
1,521.42,395.17,2,17.426
1,520.55,395.26,2,35.237
1,518.52,393.65,2,52.821
1,515.09,390.81,2,66.334
1,510.52,388.28,2,84.137
1,505.71,383.69,2,98.665
1,501.92,377.25,2,110.05
1,500.21,369.69,2,120.79
1,500.45,361.22,2,124.87
1,501.21,352.11,2,123.6
1,501.16,342.87,2,122.41
1,499.53,335.02,2,113.98
1,496.52,329.55,2,96.865
1,493.03,324.17,2,85.948
1,490.15,319.9,2,74.968
1,488.55,316.22,2,61.097
1,488.16,312.68,2,50.138
1,488.13,309.63,2,39.359
1,488.02,307.57,2,26.522
1,487.93,306.27,2,14.804
1,487.84,305.78,2,6.1744
1,487.84,306.04,2,3.0299
1,487.82,307.01,1,7.6523
1,487.56,307.88,1,9.0338
1,487.21,308.69,1,8.764
1,486.82,309.06,1,7.7295
1,486.37,309.21,1,6.3696
1,486.13,309.21,1,4.8862
1,485.9,309.4,1,3.5379
1,485.74,309.45,1,4.6363
1,485.55,309.21,1,6.4487
1,485.27,308.72,1,8.3615
1,485.06,308.01,1,9.3354
1,484.87,307.11,1,9.3047
1,484.67,306.43,1,8.3817
1,484.43,305.94,1,6.9816
1,483.94,305.91,1,5.1842
1,483.58,306.12,1,3.81
1,483.3,306.23,1,2.8517
1,483.15,306.29,1,2.7609
1,483.15,306.07,1,3.2296
1,483.22,305.68,1,3.8143
1,483.27,305.32,1,3.7113
1,483.26,304.94,1,3.4755
1,483.01,304.73,1,2.0145
1,482.89,304.82,1,1.157
1,482.97,304.87,1,1.8855
1,483.27,304.94,1,2.4939
1,483.66,304.83,1,2.162
1,483.91,304.9,1,1.0508
1,483.9,304.98,1,0.44586
1,483.79,304.94,1,1.5817
1,483.47,304.93,1,3.1717
1,483.12,304.95,1,3.956
1,482.94,304.62,1,4.5134
1,482.92,304.13,1,4.5178
1,483.07,303.52,1,3.3511
1,483.31,303.32,1,1.6793
1,483.47,303.42,1,2.749
1,483.64,303.76,1,3.9445
1,483.59,304.4,1,5.2072
1,483.52,305.12,1,3.968
1,483.62,305.32,1,2.1944
1,483.84,305.2,1,1.3515
1,484.02,304.76,1,3.3836
1,484.13,304.29,1,3.6084
1,483.94,304,1,3.4522
1,483.58,303.93,1,3.3824
1,483.15,303.92,1,3.2494
1,482.92,303.93,1,1.5578
1,483.04,303.73,1,1.3492
1,483.37,303.64,1,2.0598
1,483.62,303.53,1,2.2361
1,483.81,303.4,1,2.4563
1,483.66,303.31,1,2.4192
1,483.4,303.21,1,2.2509
1,483.16,303.09,1,2.1544
1,482.95,302.93,1,1.9185
1,482.99,302.81,1,1.398
1,483.05,302.89,1,2.1157
1,483.05,303.07,1,3.3238
1,482.89,303.25,1,4.6072
1,482.41,303.24,1,6.5245
1,481.8,303.03,1,7.3078
1,481.18,302.86,1,7.7437
1,480.57,302.74,1,6.8769
1,480.27,302.62,1,5.7871
1,480.04,302.63,1,5.1533
1,479.78,302.75,1,4.5229
1,479.46,302.87,2,3.9803
1,479.33,303.01,2,4.5812
1,479.7,303.09,2,11.903
1,480.18,303.29,2,30.597
1,478.78,303.49,2,54.754
1,474.78,303.69,2,77.05
1,468.34,303.99,2,97.109
1,459.66,304.33,2,108.93
1,450.1,304.16,2,108.89
1,441.64,303.72,2,95.572
1,435.89,302.86,2,70.29
1,433.15,301.84,2,41.479
1,432.24,300.72,2,19.998
1,432.77,299.92,2,7.9001
1,434.2,299.7,1,8.2817
1,435.36,299.88,1,9.7655
1,436.11,300.02,1,9.2316
1,436.46,300.28,1,8.384
1,436.56,300.44,1,7.8135
1,436.84,300.47,1,8.011
1,437.47,300.24,1,8.5108
1,438.33,299.88,1,9.4115
1,439.14,299.47,1,8.329
1,439.64,299.23,1,6.2983
1,439.83,299.17,1,4.1882
1,439.78,299.19,1,2.198
1,439.74,299.44,1,0.88872
1,439.78,299.62,1,1.2304
1,439.96,299.58,1,2.7038
1,440.04,299.35,1,4.7616
1,440.18,298.77,1,5.5804
1,440.32,298.35,1,5.0747
1,440.37,297.95,1,3.9288
1,440.43,297.67,1,3.4672
1,440.63,297.66,1,2.5762
1,440.72,297.71,1,1.911
1,440.87,297.74,1,1.6783
1,440.93,297.74,1,1.9781
1,441.03,297.72,1,2.0884
1,441.13,297.82,1,3.0828
1,441.21,297.97,1,3.4358
1,441.3,298.28,1,4.6429
1,441.54,298.68,1,4.982
1,441.78,298.93,1,5.0309
1,441.97,299.15,1,4.7293
1,442.11,299.34,1,4.7112
1,442.15,299.72,1,4.8525
1,442.01,300.03,1,4.8087
1,441.84,300.35,1,4.9377
1,441.74,300.72,1,4.7035
1,441.71,301.08,1,4.3738
1,441.85,301.32,1,3.0648
1,442.07,301.46,1,2.3425
1,442.33,301.47,1,1.9749
1,442.5,301.46,1,1.3385
1,442.49,301.39,1,1.2106
1,442.47,301.21,1,1.7152
1,442.38,301.03,1,1.4313
1,442.13,300.96,1,1.3885
1,442.07,301.11,1,1.3698
1,442.01,301.33,1,0.58416
1,442.01,301.44,1,2.4375
1,442.08,301.2,1,3.0271
1,442.11,300.74,1,1.429
1,442.12,300.4,1,0.71349
1,442.1,300.25,1,0.19598
1,442.06,300.47,1,1.0201
1,442.04,300.88,1,1.3184
1,441.86,301.23,1,1.4442
1,441.77,301.27,1,0.73326
1,441.73,300.8,1,2.1063
1,441.68,300.28,1,3.226
1,441.74,300.07,1,2.3992
1,442.01,300.11,1,2.4064
1,442.29,300.35,1,2.5694
1,442.54,300.41,1,1.8763
1,442.61,300.41,1,0.95147
1,442.52,300.37,1,0.95404
1,442.39,300.34,1,0.83429
1,442.31,300.44,1,1.4756
1,442.33,300.67,1,1.6062
1,442.53,300.96,1,1.3145
1,442.71,301.02,1,1.8141
1,442.86,300.76,1,3.5807
1,442.93,300.3,1,3.2858
1,442.86,299.86,1,2.0725
1,442.88,299.7,1,1.0618
1,442.99,299.68,1,1.3251
1,443.04,300.04,1,3.082
1,443.11,300.54,1,3.7637
1,443.08,300.94,1,3.1638
1,442.99,301.15,1,1.6301
1,443.02,300.97,1,1.6198
1,443.13,300.79,1,2.3688
1,443.44,300.71,1,2.6572
1,443.76,300.56,1,3.0425
1,443.96,300.64,1,3.7437
1,444.12,300.97,1,4.8187
1,444.08,301.44,1,5.6949
1,443.95,301.93,1,6.5685
1,443.85,302.3,1,6.6428
1,443.75,302.72,1,7.7883
1,443.67,303.28,1,7.4091
1,443.63,303.75,1,6.3494
1,443.69,304.24,1,4.5377
1,443.78,304.59,1,3.5145
1,443.79,304.77,1,2.1829
1,443.79,304.76,1,0.33013
1,443.8,304.47,1,0.51644
1,443.7,304.33,1,0.51127
1,443.62,304.37,1,2.8051
1,443.6,304.65,1,4.3562
1,443.63,305.19,1,5.4015
1,443.84,305.57,1,5.6592
1,443.99,306.06,1,5.2614
1,444.04,306.37,1,5.0827
1,444.12,306.52,1,3.8481
1,444.05,306.8,1,3.6243
1,443.95,306.9,1,2.9394
1,443.77,307.1,1,3.5651
1,443.72,307.38,1,3.8009
1,443.82,307.65,1,2.3988
1,443.77,307.87,1,1.6668
1,443.71,307.87,1,0.90419
1,443.7,307.87,1,0.53151
1,443.61,307.75,1,0.70086
1,443.54,307.63,1,1.0846
1,443.45,307.56,1,2.3916
1,443.54,307.77,1,4.8408
1,443.66,308.31,1,6.9951
1,443.68,308.96,1,7.0707
1,443.82,309.54,1,6.7399
1,443.8,310.15,1,5.0085
1,443.89,310.31,1,3.5505
1,444.05,310.39,1,2.3653
1,444.14,310.3,1,1.2335
1,444.34,310.09,1,1.0159
1,444.41,309.97,1,0.46518
1,444.37,310.1,1,1.2824
1,444.26,310.18,1,2.1303
1,444.02,310.42,1,3.7365
1,443.98,310.57,1,3.8036
1,443.98,310.85,1,5.3565
1,444.01,311.38,1,5.3708
1,444.2,311.74,1,4.4461
1,444.41,312.11,1,2.9637
1,444.41,312.43,1,2.3871
1,444.18,312.32,1,3.5641
1,443.79,312.13,1,4.6868
1,443.36,311.8,1,5.2168
1,442.95,311.38,1,4.8938
1,442.67,311.24,1,3.5909
1,442.77,311.03,1,3.3134
1,443.12,310.9,1,3.336
1,443.43,310.66,1,2.0104
1,443.6,310.5,1,0.78036
1,443.52,310.64,1,0.53708
1,443.43,310.69,1,1.2383
1,443.33,310.77,1,2.672
1,443.25,311.08,1,4.0822
1,443.27,311.44,1,3.9652
1,443.19,311.69,1,3.3223
1,443.06,311.76,1,3.2127
1,442.71,311.75,1,3.8154
1,442.23,311.75,1,4.1036
1,441.89,311.58,1,2.7838
1,441.77,311.47,1,1.7512
1,441.85,311.71,1,1.4017
1,441.94,312.02,1,1.6798
1,442.09,312.22,1,1.287
1,442.18,312.22,1,1.4515
1,442.14,312.13,1,1.6774
1,442,312.15,1,2.9745
1,441.73,312.15,1,4.3407
1,441.42,312.22,1,5.0835
1,440.96,312.46,1,4.7822
1,440.46,312.47,1,4.3218
1,440.24,312.18,1,3.6677
1,440.18,311.68,1,3.3146
1,440.26,311.44,1,2.3528
1,440.36,311.41,1,2.1278
1,440.42,311.34,1,2.2316
1,440.31,311.38,1,2.6967
1,440.02,311.31,1,2.8399
1,439.78,311.06,1,2.8543
1,439.67,310.85,1,3.5291
1,439.61,310.6,1,3.7376
1,439.55,310.39,2,2.8103
1,439.37,310.31,2,3.2207
1,439.21,310.37,2,5.745
1,438.85,310.72,2,8.5848
1,438.44,311.23,2,10.186
1,438.2,311.91,2,13.451
1,438.07,312.96,2,19.275
1,438.21,314.02,2,26.964
1,438.71,315.58,2,34.375
1,439.21,317.91,2,41.966
1,439.77,321.07,2,48.521
1,440.04,324.98,2,51.363
1,439.96,329.16,2,49.674
1,439.74,332.79,2,42.82
1,439.3,335.53,2,32.032
1,438.87,337.08,2,18.108
1,438.64,337.5,2,7.2307
1,438.45,337.04,3,3.6806
1,438.35,336.12,3,8.5864
1,438.33,335.14,3,10.777
1,438.31,334.28,3,11.473
1,438.41,333.48,3,10.42
1,438.25,332.96,3,8.4751
1,438.09,332.59,3,6.4332
1,438.13,332.11,3,5.6206
1,438.17,331.77,3,4.1718
1,438.36,331.54,3,2.1213
1,438.57,331.41,3,1.0171
1,438.6,331.64,1,3.217
1,438.42,332.02,1,3.619
1,437.96,332.26,1,5.4783
1,437.46,332.47,1,5.8163
1,437,332.55,1,5.1151
1,436.65,332.54,1,4.2437
1,436.59,332.49,1,2.7732
1,436.5,332.4,1,1.5785
1,436.46,332.59,1,2.793
1,436.25,332.97,1,3.3009
1,436.33,333.14,1,3.5667
1,436.57,333.41,1,3.9945
1,436.96,333.47,1,4.1845
1,437.45,333.4,1,4.4305
1,437.8,333.14,1,4.6149
1,437.96,332.77,1,4.4599
1,438.06,332.43,1,4.1253
1,438.04,332.32,1,2.4559
1,438.27,332.45,1,2.4672
1,438.6,332.63,1,2.1924
1,438.88,332.71,1,1.9367
1,439.01,332.84,1,1.6956
1,438.74,332.87,1,1.6274
1,438.46,332.96,1,1.4259
1,438.22,332.96,1,0.88082
1,438.23,333.09,1,1.091
1,438.46,333.23,1,2.1734
1,438.77,333.11,1,3.0892
1,439.11,333.02,1,3.1433
1,439.28,333.08,1,3.593
1,439.28,333.34,1,3.1567
1,439.34,333.68,1,3.5253
1,439.45,333.94,1,3.3539
1,439.73,334.05,1,3.6774
1,440.09,333.92,1,4.1611
1,440.42,333.65,1,4.3358
1,440.77,333.43,1,4.0846
1,440.97,333.26,1,3.2337
1,440.93,333.16,1,2.3725
1,440.73,332.96,1,1.1906
1,440.6,332.93,1,0.85683
1,440.66,332.77,1,0.80429
1,440.79,332.77,1,0.98331
1,440.97,332.9,1,1.8764
1,441.1,333.21,1,2.39
1,441.03,333.5,1,2.2341
1,440.67,333.6,1,1.6419
1,440.37,333.55,1,0.8934
1,440.22,333.48,1,0.73874
1,440.43,333.34,1,2.4352
1,440.84,333.37,1,3.3297
1,441.3,333.48,1,3.19
1,441.61,333.65,1,1.9645
1,441.58,333.77,1,0.79815
1,441.43,333.73,1,1.3061
1,441.18,333.69,1,1.3452
1,441.01,333.57,1,1.7162
1,440.95,333.66,1,2.3369
1,441.05,333.96,1,3.1269
1,441.14,334.32,1,3.4765
1,441.27,334.61,1,3.0658
1,441.32,334.78,1,2.5474
1,441.35,334.75,1,2.6767
1,441.3,334.87,1,3.0706
1,441.46,334.98,1,3.3505
1,441.69,335.21,1,3.4369
1,442.04,335.31,1,3.505
1,442.27,335.32,1,3.7083
1,442.47,335.44,1,4.2787
1,442.68,335.57,1,3.6574
1,442.78,335.7,1,2.4424
1,442.85,335.84,1,2.9818
1,442.99,336.14,1,3.3411
1,443.04,336.42,1,3.1258
1,443.09,336.44,1,2.4781
1,442.97,336.48,1,2.4678
1,442.76,336.7,1,3.5812
1,442.71,336.98,1,4.4653
1,442.73,337.32,1,4.5664
1,442.83,337.59,1,3.6582
1,442.91,337.92,1,3.8798
1,442.87,338.21,1,3.2969
1,442.9,338.35,1,2.4715
1,442.84,338.41,1,3.5008
1,442.55,338.45,1,4.4315
1,442.18,338.47,1,4.7935
1,441.79,338.56,1,4.9201
1,441.44,338.79,1,4.0457
1,441.15,339,1,2.9747
1,441.01,339.17,1,1.8116
1,441.19,339.26,1,0.68018
1,441.45,339.19,1,0.82697
1,441.42,339.14,1,2.186
1,441.15,339.11,1,3.0178
1,440.79,339,1,3.5965
1,440.41,338.97,1,3.5873
1,440.22,338.77,1,3.1915
1,440.16,338.48,1,2.5696
1,440.23,338.38,1,2.1712
1,440.3,338.18,1,2.0747
1,440.28,338.12,1,1.7017
1,440.25,338.13,1,0.56755
1,440.22,338.11,1,0.59423
1,440.32,338.07,1,0.67102
1,440.47,338.02,1,0.90576
1,440.61,338.09,1,0.38855
1,440.57,338.27,1,0.54879
1,440.42,338.29,1,1.7964
1,440.23,338.2,1,2.4912
1,440.17,337.87,1,3.1876
1,440.21,337.58,1,4.0503
1,440.42,337.25,1,5.1172
1,440.72,336.96,1,4.6634
1,441.06,336.72,1,3.676
1,441.13,336.56,1,3.4058
1,441.02,336.3,1,3.3739
1,440.68,336.05,1,4.9962
1,440.16,335.98,1,5.5052
1,439.66,336.12,1,5.4262
1,439.22,336.29,1,5.3552
1,439.07,336.6,1,5.2444
1,439.01,337.02,1,5.2433
1,439.01,337.55,1,4.3333
1,439.19,337.79,1,2.4115
1,439.24,337.9,1,1.6923
1,439.02,337.82,1,2.929
1,438.73,337.67,1,3.4993
1,438.34,337.53,1,3.3288
1,438.05,337.67,1,3.5874
1,437.92,338.06,1,5.2239
1,438.17,338.71,1,6.5788
1,438.75,339.26,1,6.3714
1,439.14,339.57,1,5.6409
1,439.4,339.7,1,4.0437
1,439.6,339.73,1,2.4959
1,439.55,339.77,1,0.58692
1,439.37,339.82,1,1.6529
1,439.15,339.74,1,2.0083
1,439.07,339.76,1,1.3468
1,439.11,339.51,1,0.89814
1,438.99,339.34,1,2.2923
1,438.86,339.47,1,4.0869
1,438.8,339.78,1,5.3153
1,438.72,340.35,1,7.4114
1,438.6,341.05,1,8.0656
1,438.4,341.67,1,7.1229
1,438.27,342.2,1,6.1609
1,438.27,342.44,1,3.1728
1,438.41,342.55,1,1.9989
1,438.57,342.56,1,1.4309
1,438.7,342.48,1,2.002
1,438.9,342.22,1,2.163
1,438.98,342.06,1,1.51
1,438.93,341.92,1,0.69581
1,438.82,341.91,1,0.93525
1,438.73,342.05,1,1.5211
1,438.67,342.08,1,1.6015
1,438.52,342.14,1,1.8138
1,438.33,342,1,1.172
1,438.3,341.76,1,0.41832
1,438.29,341.69,1,0.53092
1,438.36,341.72,1,1.0493
1,438.51,341.94,1,1.4093
1,438.71,342.13,1,1.4773
1,438.85,342.18,1,1.6345
1,438.89,342.03,1,2.4507
1,438.72,341.64,1,4.371
1,438.61,341.26,1,5.6369
1,438.48,340.88,1,5.9283
1,438.45,340.45,1,5.4566
1,438.53,340.05,1,4.3023
1,438.72,339.72,1,3.0432
1,439.04,339.61,1,2.2231
1,439.32,339.69,2,1.682
1,439.38,340.03,2,2.2722
1,439.24,340.39,2,3.2231
1,438.97,340.5,2,4.7205
1,438.61,340.49,2,6.3714
1,438.16,340.45,2,8.7512
1,437.76,340.64,2,12.868
1,437.43,341.44,2,18.656
1,437.14,342.74,2,27.126
1,437.05,344.95,2,34.437
1,437.12,347.81,2,38.355
1,437.72,350.76,2,39.058
1,438.62,353.76,2,35.553
1,439.67,356.19,2,27.943
1,440.8,357.67,2,18.063
1,441.51,358.09,2,9.0405
1,441.88,357.36,3,7.5588
1,441.94,356.31,3,10.908
1,441.75,355.02,3,11.783
1,441.63,353.84,3,10.098
1,441.54,353.35,3,6.692
1,441.58,353.23,3,3.1523
1,441.7,353.41,3,1.5969
1,441.63,353.66,1,3.2173
1,441.43,353.57,1,4.6296
1,441.01,353.49,1,6.316
1,440.44,353.36,1,7.5067
1,439.78,353.47,1,7.4521
1,439.33,353.93,1,7.8805
1,439.04,354.47,1,7.6728
1,438.82,355.05,1,7.7056
1,438.66,355.62,1,6.111
1,438.33,355.66,1,5.6588
1,437.86,355.36,1,6.057
1,437.36,354.87,1,6.0413
1,436.87,354.45,1,4.9418
1,436.77,354.24,1,3.6431
1,436.8,354.12,1,2.8422
1,436.84,354.07,1,2.7714
1,437.03,354.09,1,2.2169
1,437.16,353.99,1,2.6934
1,437.3,353.77,1,2.8792
1,437.5,353.61,1,3.5059
1,437.7,353.66,1,5.9098
1,437.93,354.24,1,9.109
1,438.34,354.9,1,10.925
1,438.81,355.64,1,11.529
1,439.53,356.16,1,11.458
1,440.32,356.5,1,11.276
1,441.18,356.51,1,10.874
1,441.88,356.44,1,10.324
1,442.43,356.4,1,9.2288
1,442.89,356.64,1,7.9943
1,443.26,357.08,1,7.6874
1,443.54,357.69,1,7.0154
1,443.85,358.15,1,6.0181
1,444.1,358.32,1,4.771
1,444.28,358.27,1,4.1876
1,444.4,358.16,1,4.4837
1,444.71,358.12,1,5.2501
1,445.12,358.34,1,5.7691
1,445.41,358.79,1,6.2605
1,445.7,359.27,1,6.903
1,445.88,359.79,1,6.5499
1,445.86,360.23,1,5.6973
1,445.61,360.57,1,4.6336
1,445.43,360.75,1,3.1042
1,445.4,360.88,1,3.3014
1,445.62,361.06,1,4.1683
1,445.97,361.17,1,4.2556
1,446.36,361.33,1,4.0033
1,446.65,361.53,1,3.6932
1,446.75,361.64,1,3.5474
1,446.76,361.74,1,3.3626
1,446.83,361.92,1,3.3041
1,446.96,362.01,1,3.0231
1,447.25,362.16,1,3.1054
1,447.46,362.29,1,3.6657
1,447.66,362.4,1,4.4911
1,447.77,362.53,1,5.2528
1,447.93,362.73,1,5.3883
1,448.24,363.1,1,5.1522
1,448.51,363.63,1,3.9916
1,448.71,363.94,1,2.8203
1,448.8,364.08,1,2.4212
1,448.78,363.76,1,3.3304
1,448.93,363.35,1,4.3828
1,449.09,362.92,1,4.0251
1,449.44,362.65,1,2.7413
1,449.64,362.61,1,1.4948
1,449.57,362.66,1,1.5973
1,449.24,362.78,1,2.8201
1,448.73,362.87,1,2.4115
1,448.37,362.8,1,1.057
1,448.43,362.91,1,1.3613
1,448.76,362.88,1,2.2473
1,449.25,362.98,1,2.8497
1,449.55,363.11,1,1.8062
1,449.66,363.07,1,0.94447
1,449.58,363.05,1,2.3218
1,449.15,362.89,1,4.3395
1,448.72,362.69,1,4.9328
1,448.39,362.52,1,4.039
1,448.15,362.4,1,2.8891
1,448.04,362.56,1,2.8364
1,447.9,362.77,1,2.4606
1,447.78,362.69,1,1.7268
1,447.75,362.54,1,1.1433
1,447.64,362.49,1,1.6783
1,447.56,362.54,1,2.1791
1,447.52,362.7,1,2.5687
1,447.39,362.97,1,3.3611
1,447.25,363.21,1,4.7125
1,446.92,362.91,1,6.6694
1,446.46,362.33,1,9.3533
1,445.94,361.59,1,10.546
1,445.35,360.99,1,10.385
1,444.88,360.5,1,9.2586
1,444.52,360.3,1,8.0259
1,444.14,360.18,1,7.5403
1,443.86,359.92,1,7.3132
1,443.57,359.51,1,8.2562
1,443.19,359.24,1,8.7277
1,442.65,358.87,1,9.4896
1,441.98,358.53,1,9.5247
1,441.4,358.22,1,9.0404
1,440.78,358.09,1,7.6248
1,440.35,358.05,1,7.1714
1,440.03,358.01,1,6.8543
1,439.74,357.96,1,6.7846
1,439.34,357.65,1,5.8047
1,438.92,357.29,1,4.317
1,438.66,357.09,1,3.7855
1,438.65,356.84,1,3.2461
1,438.65,356.81,1,3.7019
1,438.66,356.81,1,3.2246
1,438.5,356.72,1,3.5832
1,438.17,356.65,1,4.4403
1,437.64,356.64,1,5.5956
1,437.16,356.77,1,6.2034
1,436.78,357.15,1,5.6564
1,436.59,357.34,1,3.9782
1,436.47,357.53,1,3.5088
1,436.25,357.5,1,2.9634
1,435.97,357.35,1,1.4108
1,435.86,357.35,1,0.92006
1,435.92,357.42,1,3.0373
1,436.08,357.58,1,5.8412
1,436.47,358,1,7.2914
1,436.94,358.47,1,7.9092
1,437.55,358.86,1,8.2126
1,438.13,359.02,1,7.9669
1,438.57,358.83,1,7.6963
1,439.04,358.41,1,8.1631
1,439.49,357.92,1,8.3709
1,439.98,357.72,1,7.6779
1,440.58,357.85,1,7.4299
1,441.05,358.08,1,6.4468
1,441.46,358.26,1,6.1857
1,441.77,358.39,1,6.2186
1,442.06,358.21,1,6.4364
1,442.39,357.94,1,6.9938
1,442.78,357.61,1,7.5606
1,443.23,357.32,1,8.0478
1,443.63,356.9,1,8.0311
1,443.94,356.39,1,8.2824
1,444.25,355.92,1,7.5584
1,444.48,355.61,1,6.2468
1,444.73,355.33,1,6.1537
1,445.08,355.19,1,5.8516
1,445.42,355,1,5.4403
1,445.78,354.91,1,4.6769
1,446.05,354.95,1,4.3704
1,446.31,354.89,1,3.5635
1,446.61,354.82,1,2.9814
1,446.75,354.85,1,1.9398
1,446.76,354.97,1,1.1792
1,446.79,355,1,0.7133
1,446.75,355.01,1,0.48965
1,446.79,355.15,1,1.4398
1,446.83,355.17,1,2.4008
1,446.9,354.78,1,4.2399
1,446.84,354.42,1,6.1869
1,446.51,354.02,1,7.2578
1,445.97,353.61,1,7.4684
1,445.42,353.25,1,7.1702
1,444.83,353.1,1,6.0785
1,444.49,353.14,1,5.1268
1,444.32,353.25,1,4.8228
1,444.29,353.53,1,4.8748
1,444.23,353.93,1,6.4372
1,443.86,354.29,1,7.5297
1,443.3,354.48,1,9.046
1,442.55,354.47,1,10.114
1,441.64,354.28,1,10.056
1,440.94,354.01,1,9.3465
1,440.37,353.78,1,8.2212
1,439.99,353.7,1,6.9212
1,439.68,353.74,1,5.6785
1,439.35,354.19,1,5.1046
1,439.12,354.6,1,3.8167
1,439.02,354.9,1,2.7519
1,439.06,355.1,1,1.6343
1,439.28,355.14,1,1.1723
1,439.51,354.99,1,1.6674
1,439.62,354.7,1,2.007
1,439.59,354.51,1,1.7965
1,439.6,354.61,1,2.8313
1,439.56,354.87,1,4.1315
1,439.82,355.19,1,6.2022
1,440.35,355.39,1,8.4686
1,441.07,355.41,1,9.9886
1,441.84,355.31,1,10.998
1,442.63,355.21,1,11.108
1,443.34,355.26,1,11.452
1,444.07,355.35,1,11.794
1,444.68,355.65,1,11.748
1,445.38,356.01,1,12.2
1,446.1,356.29,1,12.552
1,446.92,356.52,1,12.691
1,447.75,356.69,1,12.52
1,448.59,356.73,1,12.546
1,449.31,357.02,1,12.143
1,449.94,357.29,1,12.4
1,450.52,357.75,1,13.322
1,451.05,358.52,1,14.336
1,451.64,359.36,1,15.193
1,452.38,360.24,1,15.22
1,453.04,361.02,1,14.331
1,453.7,361.48,1,13.443
1,454.29,362.11,1,13.105
1,454.74,362.69,1,11.906
1,455.18,363.29,1,10.514
1,455.55,364.02,1,8.3915
1,455.81,364.54,1,5.646
1,455.91,364.88,1,3.5944
1,455.77,365.09,1,4.6275
1,455.4,364.95,1,9.0119
1,454.73,364.58,1,13.481
1,453.78,364.11,1,17.446
1,452.53,363.52,1,19.256
1,451.16,362.96,1,19.779
1,449.75,362.25,1,19.002
1,448.58,361.67,1,17.027
1,447.75,361.25,1,13.795
1,447.13,360.91,1,10.339
1,446.67,360.84,1,7.5482
1,446.27,361.03,1,4.8165
1,445.96,361.16,1,3.3286
1,445.87,361.22,1,2.7624
1,445.91,360.97,1,3.5711
1,445.97,360.65,1,3.717
1,446,360.25,1,4.73
1,445.88,359.75,1,4.6318
1,445.63,359.56,1,3.2504
1,445.38,359.6,1,3.0115
1,445.27,359.53,1,2.7264
1,445.28,359.44,1,2.4217
1,445.35,359.23,1,2.9792
1,445.32,358.91,1,2.6275
1,445.36,358.71,1,2.0074
1,445.54,358.48,1,1.0368
1,445.53,358.55,1,1.8444
1,445.46,358.74,1,3.1917
1,445.19,358.85,1,4.2524
1,444.82,358.99,1,4.9159
1,444.38,359.12,1,5.5356
1,443.74,359.13,1,5.151
1,443.46,358.95,1,4.5151
1,443.5,358.6,1,3.5725
1,443.46,358.32,1,2.6451
1,443.62,357.94,1,1.642
1,443.68,357.84,1,1.7532
1,443.56,357.88,1,2.4877
1,443.34,358.25,1,3.5063
1,442.9,358.66,1,3.813
1,442.64,358.79,1,2.2069
1,442.49,358.69,1,1.1556
1,442.51,358.47,1,0.66877
1,442.69,358.32,1,0.85432
1,442.84,358.39,1,0.97136
1,442.85,358.26,1,0.22735
1,442.81,358.39,1,1.1065
1,442.69,358.62,1,0.72575
1,442.59,358.68,1,0.64086
1,442.58,358.62,1,2.9696
1,442.82,358.35,1,4.4038
1,442.95,358.03,1,4.5782
1,443.12,357.57,1,3.8725
1,443.34,357.07,1,2.786
1,443.45,357.09,1,2.2663
1,443.58,357.32,1,2.35
1,443.64,357.69,1,2.2695
1,443.73,357.98,1,2.4714
1,443.94,358.02,1,2.2843
1,444.03,358,1,0.6236
1,444,357.86,1,1.1429
1,443.96,357.75,1,1.3709
1,443.81,357.81,1,0.91706
1,443.78,357.74,1,1.7998
1,443.89,357.67,1,1.6731
1,444.1,357.49,1,2.1399
1,444.38,357.35,1,2.1759
1,444.62,357.4,1,1.6009
1,444.61,357.44,1,1.2012
1,444.53,357.4,1,1.8829
1,444.46,357.56,1,2.6991
1,444.46,357.83,1,2.512
1,444.67,358,1,2.4956
1,444.77,358.26,1,2.4652
1,444.97,358.31,1,2.7057
1,445.15,358.29,1,2.618
1,445.37,358.22,1,1.4767
1,445.41,358.2,1,2.2126
1,445.25,358.42,1,3.9954
1,444.82,358.77,1,4.1369
1,444.45,358.97,1,3.598
1,444.04,359.18,1,3.2762
1,443.87,359.22,1,1.0226
1,444.02,359.3,1,3.1087
1,444.56,359.28,1,6.4916
1,445.13,359,1,7.3224
1,445.66,358.59,1,6.9346
1,445.94,358.2,1,5.7919
1,446.14,357.81,1,6.0724
1,446.41,357.64,1,5.8951
1,446.72,357.77,1,5.4236
1,447.17,358.15,1,5.0874
1,447.63,358.3,1,4.4091
1,447.98,358.21,1,3.9127
1,448.25,358.06,1,2.5839
1,448.22,358.05,1,2.0329
1,447.98,358.24,1,2.6511
1,447.83,358.53,1,3.2251
1,447.76,358.95,1,3.4962
1,447.85,359.38,1,3.4029
1,448.13,359.37,1,3.4485
1,448.47,359.26,1,3.6489
1,448.87,358.94,1,4.2307
1,449.13,358.62,1,2.9776
1,449.27,358.59,1,1.9909
1,449.16,358.54,1,1.9587
1,448.99,358.51,1,1.6397
1,448.89,358.55,1,1.8712
1,448.96,358.3,1,2.4205
1,449.08,358.08,1,2.1558
1,449.19,357.85,1,2.8791
1,449.32,357.55,1,2.3341
1,449.26,357.6,1,1.9961
1,448.96,357.69,1,3.3744
1,448.67,357.65,1,4.2665
1,448.35,357.61,1,5.3664
1,448.18,357.21,1,7.0005
1,447.96,356.72,1,8.0573
1,447.75,356.14,1,8.1217
1,447.52,355.52,1,8.8572
1,446.98,355.19,1,8.8917
1,446.41,354.87,1,7.6635
1,445.96,354.59,1,6.4399
1,445.69,354.43,1,5.3742
1,445.73,354.11,1,5.1637
1,445.67,353.84,1,5.4827
1,445.58,353.41,1,5.103
1,445.51,353.09,1,3.7334
1,445.29,352.88,1,2.4701
1,445.13,352.68,1,1.8319
1,445.09,352.7,1,0.67187
1,445.11,352.84,1,1.2625
1,445.36,352.95,1,2.4885
1,445.52,352.99,1,2.4912
1,445.67,352.89,1,3.0322
1,445.94,352.63,1,3.2927
1,446.04,352.24,1,2.1547
1,446.14,352,1,1.2632
1,446.16,352.17,1,2.4103
1,446.06,352.56,1,3.3772
1,445.96,352.99,1,3.3598
1,445.75,353.3,1,2.7913
1,445.74,353.55,1,2.9216
1,445.87,353.59,1,2.5936
1,446.03,353.38,1,3.3012
1,446.36,353.21,1,4.5403
1,446.77,353.26,1,5.1545
1,447.26,353.29,1,4.6038
1,447.52,353.34,1,3.5979
1,447.65,353.26,1,2.3986
1,447.69,353.13,1,2.988
1,447.79,353.02,1,2.6966
1,447.84,352.93,1,3.2976
1,448.12,352.96,1,3.3698
1,448.43,352.93,1,3.5318
1,448.81,352.9,1,3.619
1,449.11,352.92,1,2.3718
1,449.31,352.93,1,1.952
1,449.16,353.04,1,4.1327
1,448.82,353.31,1,4.9965
1,448.29,353.54,1,6.1951
1,447.81,353.8,1,5.8981
1,447.29,354.01,1,4.3265
1,447.1,354.12,1,3.2154
1,447.18,354.2,1,4.2965
1,447.66,354.42,1,5.6608
1,448.18,354.81,1,6.2559
1,448.57,355.28,1,5.7155
1,448.88,355.45,1,4.4536
1,448.89,355.6,1,4.4056
1,448.7,355.92,1,4.6148
1,448.43,356.22,1,3.2443
1,448.23,356.45,1,1.9012
1,448.3,356.71,1,1.7077
1,448.48,356.76,1,2.9988
1,448.78,356.59,1,4.8351
1,449.14,356.21,1,7.7291
1,449.53,355.66,1,9.036
1,449.98,355.18,1,8.7209
1,450.41,354.75,1,7.1778
1,450.74,354.3,1,5.5223
1,450.95,354.05,1,3.4134
1,451.03,353.89,1,1.9483
1,451.05,354.02,1,1.3196
1,450.92,354.37,1,2.0307
1,450.84,354.68,1,1.1738
1,450.89,354.8,1,2.2689
1,451.14,354.63,1,3.363
1,451.39,354.43,1,3.719
1,451.68,354.21,1,4.1012
1,452.03,354.05,1,3.55
1,452.34,354.07,1,3.1538
1,452.49,354.21,1,2.0953
1,452.49,354.39,1,2.1191
1,452.33,354.43,1,2.705
1,452.36,354.55,1,2.7836
1,452.49,354.8,1,3.3332
1,452.7,355.08,1,2.2644
1,452.94,355.3,1,1.1789
1,453.06,355.31,1,0.95813
1,453.08,355.18,1,2.9196
1,452.87,354.78,1,4.2789
1,452.45,354.34,1,5.1087
1,452.16,354.06,1,4.3675
1,452.11,353.71,1,3.1648
1,452.34,353.58,1,1.9082
1,452.66,353.52,1,1.6377
1,452.95,353.65,1,2.1233
1,453,353.95,1,3.3814
1,452.75,354.19,1,4.2999
1,452.3,354.57,1,5.1129
1,451.72,354.82,1,4.7846
1,451.38,354.84,2,3.874
1,451.22,355.03,2,7.1841
1,451.39,355.35,2,16.369
1,452.06,355.92,2,32.201
1,454.04,356.45,2,51.255
1,457.89,356.24,2,69.929
1,463.69,355.1,2,83.732
1,470.46,352.7,2,90.767
1,477.35,349.46,2,89.784
1,483.04,345.97,2,80.195
1,486.96,342.72,2,64.508
1,488.81,340.17,2,46.103
1,489.33,338.46,2,31.005
1,489.45,337.27,2,20.834
1,489.63,336.57,2,14.283
1,489.9,335.95,2,8.8319
1,490.34,335.63,2,4.0319
1,490.51,335.5,2,2.2611
1,490.34,335.62,0,5.5962
1,489.74,336.08,0,8.2119
1,488.78,336.64,0,9.1742
1,488,337.08,0,8.5041
1,487.47,337.35,0,6.9481
1,487.36,337.42,0,4.3169
1,487.6,337.56,0,2.4964
1,487.71,337.6,0,1.5597
1,487.58,337.75,0,1.4051
1,487.46,337.85,0,2.3758
1,487.16,337.78,0,3.2579
1,486.83,337.53,0,3.0069
1,486.62,337.16,0,1.8693
1,486.55,337.01,0,1.3216
1,486.78,337.06,0,3.4173
1,487.08,337.28,0,5.2547
1,487.43,337.7,0,6.5636
1,488,337.94,0,7.1895
1,488.38,338.23,0,7.3336
1,488.65,338.55,0,7.0665
1,488.98,338.77,0,6.4328
1,489.2,339.13,0,5.8858
1,489.47,339.39,0,5.9964
1,489.69,339.77,0,5.3631
1,489.95,339.98,0,5.3023
1,490.28,340.01,0,5.5762
1,490.58,339.9,0,5.828
1,491.01,339.88,0,6.2644
1,491.59,340.01,0,5.5818
1,491.97,340.26,0,4.3934
1,492.22,340.55,0,2.1445
1,492.2,340.82,0,2.2715
1,491.93,340.86,0,2.6924
1,491.6,340.84,0,3.8347
1,491.28,340.7,0,5.3314
1,490.93,340.6,0,5.9376
1,490.65,340.54,0,6.1156
1,490.23,340.42,0,6.4182
1,489.84,340.47,0,6.7942
1,489.32,340.51,0,7.6282
1,488.67,340.64,0,7.4064
1,488.21,340.7,0,6.4936
1,487.88,340.59,0,5.5517
1,487.53,340.37,0,4.5916
1,487.35,340.12,0,4.037
1,487.21,339.96,0,4.47
1,487.08,340.11,0,5.2553
1,486.73,340.26,0,6.2541
1,486.15,340.5,0,7.131
1,485.6,340.5,0,7.1515
1,485,340.31,0,6.3408
1,484.48,340.14,0,5.1228
1,484.32,340.05,0,3.7142
1,484.25,340.12,0,2.0896
1,484.27,340.27,0,1.236
1,484.24,340.22,0,1.3966
1,484.18,340.21,0,1.7436
1,484.1,339.98,0,2.0412
1,483.92,339.81,0,2.6283
1,483.74,339.71,0,2.2912
1,483.61,339.69,0,1.1997
1,483.46,339.77,0,0.668
1,483.47,339.83,0,0.69233
1,483.52,339.86,0,0.77956
1,483.62,339.96,0,0.87657
1,483.73,339.92,0,1.4241
1,483.87,339.93,0,1.52
1,483.89,339.8,0,1.6236
1,483.87,339.56,0,1.6615
1,483.72,339.36,0,1.6257
1,483.58,339.31,0,2.2127
1,483.38,339.51,0,3.4024
1,483.17,340.01,0,3.8887
1,483.21,340.45,0,4.1973
1,483.5,340.82,0,4.7688
1,483.92,340.93,0,5.1874
1,484.49,340.73,0,5.153
1,484.87,340.49,0,4.5402
1,485.15,340.32,0,3.7379
1,485.24,340.15,0,2.1907
1,485.15,340.21,0,1.156
1,485.1,340.21,0,1.6572
1,485.06,340.08,0,1.3522
1,485.08,339.93,0,1.5291
1,485.23,339.7,0,2.0922
1,485.39,339.74,0,2.4253
1,485.55,339.9,0,3.1339
1,485.76,340.18,0,3.1849
1,486,340.45,0,2.8617
1,486.2,340.48,0,3.6059
1,486.38,340.06,0,4.75
1,486.53,339.48,0,4.4893
1,486.57,338.94,0,4.6686
1,486.51,338.66,0,3.6303
1,486.3,338.63,0,3.3547
1,486.15,338.72,0,3.0189
1,486.19,338.64,0,3.7076
1,486.12,338.35,0,4.3886
1,486.14,337.9,0,6.1363
1,486.16,337.29,0,7.5156
1,486.39,336.81,0,7.2628
1,486.65,336.39,0,6.7759
1,486.9,336.05,0,4.9217
1,487.1,335.7,0,2.8185
1,487.18,335.55,0,1.6798
1,487.03,335.48,0,0.046502
1,486.9,335.67,0,1.7441
1,486.72,335.91,0,2.3534
1,486.8,336.07,0,2.9621
1,486.75,336.22,0,3.6866
1,486.65,336.32,0,3.7552
1,486.45,336.47,0,4.148
1,486.17,336.83,0,4.7911
1,486.02,337.22,0,4.0444
1,485.96,337.71,0,2.224
1,486.06,337.9,0,1.3805
1,486.31,337.66,0,2.5316
1,486.46,337.34,0,3.2258
1,486.62,337.05,0,3.6135
1,486.82,336.76,0,3.2687
1,486.89,336.62,0,2.5818
1,486.97,336.65,0,1.926
1,486.82,336.73,0,2.1501
1,486.71,336.61,0,4.0948
1,486.67,336.2,0,5.8513
1,486.64,335.69,0,6.4619
1,486.91,335.16,0,6.2417
1,487.22,334.66,0,5.8383
1,487.59,334.35,0,4.3363
1,487.93,334.25,0,2.8543
1,488,334.4,0,1.8659
1,487.96,334.75,0,1.7292
1,487.88,335.02,0,0.43334
1,487.74,335.06,0,2.3916
1,487.89,334.83,0,4.6742
1,488,334.39,0,6.6571
1,488.33,333.73,0,7.6449
1,488.7,333.21,0,8.6941
1,489.16,332.83,0,8.8845
1,489.77,332.61,0,7.8104
1,490.24,332.49,0,6.5221
1,490.57,332.39,0,5.828
1,490.96,332.25,0,5.2079
1,491.27,332.25,0,3.1696
1,491.48,332.25,0,1.0723
1,491.43,332.38,0,0.86417
1,491.3,332.44,0,1.7736
1,491.09,332.38,0,1.8614
1,490.76,332.23,0,2.0021
1,490.51,332.03,0,1.3041
1,490.51,332.02,0,0.63383
1,490.74,332.16,0,1.4059
1,491.01,332.18,0,1.4472
1,491.14,332.17,0,1.4033
1,491.14,332.05,0,2.1236
1,491,331.8,0,3.2315
1,490.74,331.52,0,4.084
1,490.44,331.21,0,3.991
1,490.19,331.3,0,4.44
1,489.96,331.52,0,5.2547
1,489.65,331.65,0,5.9184
1,489.19,331.72,0,6.1762
1,488.67,331.55,0,6.3323
1,488.3,331.1,0,6.2956
1,488.03,330.64,0,6.8882
1,487.94,330.03,0,7.222
1,487.99,329.59,0,5.8877
1,487.92,329.37,0,4.3064
1,487.78,329.11,0,2.8927
1,487.54,329,0,2.9494
1,487.16,329.04,0,2.9914
1,486.9,329.35,0,1.44
1,486.94,329.71,0,2.0871
1,487.27,329.88,0,2.9711
1,487.56,329.76,0,4.6541
1,487.85,329.47,0,5.6288
1,488.33,329.1,0,6.7099
1,488.83,328.93,0,7.1162
1,489.08,329.03,0,8.3485
1,489.64,329.51,0,9.4169
1,490.4,330.05,0,9.3879
1,490.98,330.6,0,8.9038
1,491.3,331,0,6.5257
1,491.59,331.1,0,5.3205
1,491.85,331.08,0,5.7769
1,492.08,330.7,0,6.4693
1,492.27,330.25,0,7.616
1,492.69,329.6,0,8.9991
1,493.11,329.01,0,8.8146
1,493.2,328.51,0,8.482
1,493.3,328.08,0,7.4852
1,493.38,327.65,0,7.6667
1,493.44,327.21,0,7.2346
1,493.59,326.66,0,7.1186
1,493.62,326.13,0,4.914
1,493.51,325.76,0,3.9878
1,493.46,325.63,0,3.4342
1,493.19,325.6,0,3.7737
1,492.91,325.69,0,4.1635
1,492.59,325.79,0,4.3189
1,492.25,325.79,0,3.9871
1,492.03,325.7,0,4.5847
1,491.86,325.31,0,6.8681
1,491.82,324.89,0,8.0074
1,491.81,324.28,0,8.7129
1,491.62,323.5,0,8.763
1,491.23,322.92,0,7.8812
1,490.74,322.42,0,6.925
1,490.08,322.41,0,6.1911
1,489.55,322.86,0,4.9875
1,489.31,323.23,0,3.2979
1,489.37,323.47,0,2.2142
1,489.53,323.59,0,1.007
1,489.66,323.39,0,0.80312
1,489.66,323.28,0,1.0453
1,489.6,323.29,0,0.99933
1,489.49,323.5,0,1.5776
1,489.5,323.77,0,2.8309
1,489.76,323.78,0,3.9124
1,490.13,323.65,0,6.071
1,490.7,323.6,0,7.3095
1,491.21,323.57,0,7.8377
1,491.64,323.89,0,8.5886
1,492.17,324.38,0,8.4018
1,492.71,324.72,0,7.8274
1,493.26,324.89,0,6.4789
1,493.68,324.78,0,5.7738
1,493.99,324.53,0,3.9219
1,494.32,324.43,0,1.8395
1,494.35,324.55,0,1.4099
1,494.18,324.73,0,4.7071
1,493.9,324.59,0,7.1063
1,493.34,324.31,0,9.7442
1,492.64,323.96,0,12.246
1,491.68,323.47,0,14.452
1,490.81,323.05,0,15.75
1,489.82,322.72,0,15.856
1,488.77,322.6,0,15.963
1,487.77,322.61,0,16.14
1,486.72,322.5,0,16.544
1,485.63,322.49,0,16.49
1,484.5,322.55,0,15.001
1,483.46,322.54,0,13.035
1,482.71,322.48,0,10.834
1,482.06,322.49,0,9.1448
1,481.62,322.51,0,7.1165
1,481.38,322.57,0,5.4749
1,481.13,322.65,0,4.5763
1,480.87,322.5,0,5.9665
1,480.67,322.05,0,8.0473
1,480.72,321.17,0,8.7839
1,480.97,320.23,0,7.7967
1,481.25,319.65,0,5.0064
1,481.47,319.47,0,3.8218
1,481.6,319.8,0,5.3811
1,481.59,320.31,0,10.059
1,481.64,320.17,0,18.848
1,481.84,318.98,0,31.35
1,482.18,316.24,0,43.66
1,482.62,312.27,0,51.462
1,483.1,307.77,0,53.102
1,483.61,303.78,0,49.641
1,484.04,300.67,0,41.914
1,484.39,298.49,0,33.07
1,484.76,297.12,0,25.234
1,485.06,296.26,0,18.398
1,485.39,295.41,0,13.835
1,485.75,294.53,0,10.217
1,486.08,293.71,0,4.7121
1,486.16,293.49,0,2.9186
1,485.87,294.04,0,6.8784
1,485.24,295.03,0,8.2298
1,484.5,295.86,0,7.4
1,483.88,296.33,0,4.4032
1,483.65,296.33,0,1.4168
1,483.89,295.85,0,5.7621
1,484.47,294.93,0,9.6869
1,485.04,294.19,0,11.151
1,485.55,293.81,0,9.5021
1,485.85,293.46,0,8.0484
1,485.94,292.93,0,7.5959
1,485.94,292.35,0,5.9302
1,485.93,291.98,0,4.9952
1,486.06,291.88,0,6.1231
1,486.44,291.66,0,6.367
1,486.75,291.61,0,7.7175
1,487.37,291.38,0,8.6046
1,487.92,290.94,0,8.333
1,488.49,290.48,0,7.2934
1,488.83,290.01,0,6.0846
1,488.93,289.89,0,4.8587
1,489,289.86,0,3.4509
1,489.17,289.65,0,2.6845
1,489.12,289.59,0,0.98571
1,489.18,289.42,0,0.65088
1,489.18,289.4,0,1.0495
1,489.21,289.47,0,2.507
1,489.35,289.6,0,2.9125
1,489.44,289.71,0,3.9817
1,489.77,289.92,0,4.4086
1,490.29,290.14,0,4.4484
1,490.67,290.1,0,4.8482
1,490.84,289.79,0,6.2444
1,490.81,289.24,0,5.6246
1,490.67,288.55,0,5.3419
1,490.6,287.95,0,4.2814
1,490.49,287.71,0,4.0438
1,490.54,287.89,0,3.6945
1,490.77,287.9,0,3.8761
1,491.09,287.86,0,5.0147
1,491.5,287.67,0,5.2976
1,491.97,287.35,0,4.4604
1,492.35,287.37,0,3.3696
1,492.55,287.53,0,2.6646
1,492.61,288.05,0,3.1465
1,492.44,288.42,0,3.2091
1,492.12,288.39,0,2.1669
1,491.83,288.4,0,1.2761
1,491.74,288.3,0,1.4439
1,491.94,288.32,0,3.5055
1,492.35,288.44,0,4.5407
1,492.82,288.48,0,5.1233
1,493.35,288.65,0,4.8489
1,493.67,288.8,0,3.1929
1,493.75,288.83,0,1.6706
1,493.57,288.91,0,1.292
1,493.31,289.04,0,0.7221
1,493.19,289.15,0,1.7805
1,493.34,289.11,0,3.765
1,493.72,289.02,0,5.1082
1,494.41,288.86,0,4.7565
1,494.9,288.73,0,3.938
1,495.13,288.7,0,3.1748
1,495.07,288.96,0,2.4833
1,494.98,289.32,0,1.4963
1,494.91,289.34,0,1.5931
1,495.02,289.15,0,2.4514
1,495.35,288.97,0,3.4863
1,495.83,288.72,0,4.4999
1,496.15,288.62,0,4.0129
1,496.25,288.55,0,3.4808
1,496.16,288.44,0,3.0295
1,495.96,288.3,0,3.2901
1,495.65,287.92,0,4.5623
1,495.39,287.48,0,4.5326
1,495.24,287.14,0,2.8109
1,495.36,287.05,0,1.5149
1,495.57,287.14,0,2.7985
1,495.84,287.23,0,3.8767
1,496.15,287.42,0,3.7692
1,496.44,287.71,0,2.5162
1,496.6,287.93,0,1.836
1,496.63,287.76,0,4.1291
1,496.55,287.13,0,4.9047
1,496.4,286.47,0,3.6177
1,496.06,286.02,0,3.6436
1,495.7,286.06,0,4.171
1,495.46,286.69,0,5.0666
1,495.38,287.51,0,5.0608
1,495.38,288.26,0,3.1863
1,495.38,288.49,0,1.0555
1,495.54,288.04,0,5.6059
1,495.83,287.2,0,8.236
1,495.92,286.28,0,8.3196
1,495.91,285.49,0,6.1059
1,495.73,285.27,0,4.247
1,495.39,285.34,0,4.0061
1,495.01,285.66,0,4.6643
1,494.56,285.9,0,5.1845
1,494.27,285.99,0,4.8607
1,494.1,285.87,0,4.0853
1,493.88,285.57,0,5.335
1,493.68,285.21,0,5.6553
1,493.27,285.22,0,7.4007
1,492.7,285.51,0,8.9029
1,492.12,285.99,0,9.6637
1,491.48,286.38,0,10.244
1,490.8,286.67,0,10.132
1,490.16,286.73,0,10.502
1,489.58,286.5,0,10.357
1,488.86,286.19,0,10.353
1,488.17,285.96,0,9.7847
1,487.46,285.88,0,8.7261
1,486.94,285.85,0,7.2708
1,486.63,285.89,0,6.7038
1,486.3,285.96,0,6.3498
1,486.04,285.95,0,6.0255
1,485.59,285.89,0,5.3415
1,485.18,285.95,0,5.3157
1,484.82,286.13,0,4.9465
1,484.43,286.28,0,4.0688
1,484.23,286.19,0,2.5837
1,484.23,286.19,0,1.1207
1,484.21,286.1,0,0.54098
1,484.26,286.02,0,0.84162
1,484.25,285.96,0,1.3055
1,484.3,285.83,0,1.0503
1,484.35,285.92,0,1.0136
1,484.38,285.91,0,0.86109
1,484.47,285.83,0,0.68137
1,484.53,285.82,0,0.69826
1,484.53,285.8,0,1.6554
1,484.53,285.95,0,3.1578
1,484.67,286.18,0,3.9358
1,484.86,286.42,0,3.3253
1,485.12,286.69,0,2.8856
1,485.4,286.85,0,2.1872
1,485.69,286.74,0,1.4284
1,485.65,286.45,0,1.8068
1,485.32,286.04,0,1.4562
1,485.06,285.86,0,1.3561
1,485,286.05,0,2.2647
1,485.01,286.44,0,3.8582
1,485.2,286.89,0,4.9445
1,485.43,287.39,0,5.4759
1,485.78,287.55,0,6.2419
1,486.08,287.6,0,6.0356
1,486.44,287.46,0,5.8676
1,487.05,287.34,0,5.5681
1,487.47,287.4,0,5.2332
1,487.76,287.39,0,4.6886
1,488,287.44,0,4.6599
1,488.05,287.71,0,4.4658
1,488.19,287.86,0,4.4971
1,488.5,288.05,0,5.0376
1,488.95,288.15,0,5.0372
1,489.44,288.22,0,4.8791
1,489.68,288.25,0,4.1185
1,489.81,288.36,0,3.492
1,489.9,288.48,0,3.2738
1,489.9,288.74,0,3.6516
1,490.03,288.92,0,4.1127
1,490.34,289.14,0,3.9396
1,490.71,289.29,0,3.3518
1,490.93,289.39,0,2.8057
1,491.06,289.42,0,3.51
1,491.11,289.21,0,3.9397
1,491.27,288.74,0,4.0993
1,491.27,288.33,0,4.3489
1,491.13,287.97,0,4.6903
1,490.99,287.77,0,4.8993
1,490.59,287.64,0,4.7323
1,490.05,287.71,0,4.4478
1,489.68,287.82,0,3.9366
1,489.43,287.71,0,2.8797
1,489.42,287.54,0,1.1209
1,489.51,287.45,0,0.97188
1,489.69,287.44,0,1.4954
1,489.87,287.62,0,1.614
1,490.01,287.75,0,0.49854
1,489.99,287.87,0,2.0376
1,489.86,287.78,0,3.1028
1,489.54,287.57,0,4.6262
1,489.05,287.48,0,5.5735
1,488.62,287.41,0,6.2257
1,488.21,287.37,0,5.9426
1,487.77,287.5,0,5.1797
1,487.42,287.56,0,2.5006
1,487.3,287.52,0,2.1139
1,487.31,287.4,0,3.0061
1,487.48,287.67,0,2.9518
1,487.66,288.21,0,2.8581
1,487.81,288.56,0,2.052
1,487.8,288.69,0,0.93623
1,487.71,288.58,0,1.174
1,487.62,288.23,0,1.656
1,487.69,287.84,0,2.6055
1,487.74,287.6,0,2.9678
1,488,287.73,0,2.9709
1,488.26,287.96,0,3.4564
1,488.43,288.04,0,3.5845
1,488.65,288,0,3.8313
1,488.95,287.93,0,4.1708
1,489.23,287.91,0,4.8558
1,489.48,288.11,0,4.8435
1,489.69,288.37,0,5.2158
1,490,288.67,0,6.0981
1,490.39,288.91,0,6.2219
1,490.77,289.01,0,5.8709
1,491.22,288.97,0,5.2558
1,491.58,289.02,0,4.6416
1,491.75,289.15,0,4.3983
1,491.98,289.3,0,4.5753
1,492.13,289.45,0,4.4144
1,492.27,289.73,0,4.4001
1,492.57,289.88,0,4.681
1,492.88,289.92,0,5.3976
1,493.23,289.81,0,7.084
1,493.77,289.7,0,7.1059
1,494.22,289.7,0,7.0396
1,494.74,289.77,0,7.5675
1,495.26,290.08,0,7.3492
1,495.66,290.56,0,6.9836
1,495.97,291.03,0,5.9429
1,496.02,291.31,0,4.7598
1,496.09,291.45,0,3.8109
1,496.48,291.35,0,4.0702
1,496.78,291.17,0,3.2663
1,497.02,290.94,0,2.5359
1,497.17,290.74,0,1.1811
1,497.16,290.6,0,0.12956
1,497.01,290.65,0,1.689
1,496.63,290.8,0,3.3173
1,496.45,291.18,0,4.0017
1,496.54,291.55,0,4.0691
1,496.75,291.84,0,4.4767
1,497.05,292.01,0,5.1197
1,497.42,292.07,0,5.2194
1,497.79,292.19,0,5.217
1,498.04,292.48,0,4.7647
1,498.12,292.74,0,3.9645
1,498.16,293.11,0,3.9525
1,498.22,293.42,0,3.4812
1,498.23,293.59,0,2.6917
1,498.32,293.58,0,2.5339
1,498.53,293.54,0,3.2113
1,498.81,293.43,0,3.928
1,499.01,293.55,0,4.9264
1,499.21,293.75,0,6.8347
1,499.54,293.96,0,9.5667
1,500.19,293.99,0,12.773
1,501.1,293.69,0,15.4
1,502.33,293.4,0,17.604
1,503.79,293.34,0,18.463
1,505.26,293.51,0,17.649
1,506.47,294.13,0,15.067
1,507.11,295.01,0,13.224
1,507.37,295.94,0,11.776
1,507.47,296.71,0,8.705
1,507.45,297,0,4.8462
1,507.5,297.12,0,2.2965
1,507.53,297.11,0,0.93917
1,507.59,296.98,0,1.493
1,507.75,296.96,0,1.7519
1,507.77,296.83,0,1.4756
1,507.82,296.92,0,2.5388
1,507.84,297.38,0,2.5707
1,507.9,297.69,0,1.5984
1,507.97,297.77,0,1.0263
1,507.91,297.74,0,1.9945
1,507.73,297.62,0,3.4705
1,507.43,297.5,0,3.3506
1,507.14,297.41,0,2.9983
1,506.88,297.53,0,2.4469
1,506.68,297.64,0,2.608
1,506.62,297.81,0,1.5628
1,506.63,297.79,0,1.8425
1,506.68,297.59,0,1.7884
1,506.61,297.47,0,2.8441
1,506.5,297.2,0,3.8778
1,506.46,296.99,0,3.5126
1,506.5,296.66,0,3.2496
1,506.6,296.26,0,3.3959
1,506.67,296.29,0,3.7454
1,506.99,296.21,0,4.0025
1,507.3,296.15,0,3.6353
1,507.56,296.21,0,2.8102
1,507.73,296.12,0,3.5668
1,507.79,295.84,0,4.4381
1,507.89,295.56,0,6.057
1,507.85,295.04,0,6.1841
1,507.93,294.6,0,5.2102
1,508.22,294.23,0,5.4664
1,508.45,294.03,0,5.6283
1,508.68,293.76,0,5.3508
1,508.67,293.44,0,4.8557
1,508.52,293.13,0,4.8708
1,508.37,292.86,0,4.1806
1,508.22,292.47,0,5.561
1,508.17,292.17,0,5.9816
1,508.01,291.93,0,5.8534
1,507.74,291.62,0,5.1922
1,507.51,291.34,0,4.7068
1,507.24,291.03,0,4.5853
1,507.09,290.79,0,4.4771
1,506.98,290.54,0,3.8871
1,507.04,290.38,0,2.4114
1,507.06,290.28,0,2.5028
1,506.93,290.21,0,3.835
1,506.69,290.21,0,7.0338
1,506.07,290.41,0,9.7862
1,505.28,290.85,0,10.434
1,504.52,291.35,0,9.3533
1,503.72,291.59,0,7.151
1,503.29,291.8,0,3.6447
1,503.21,291.83,0,0.54742
1,503.58,291.67,0,2.0725
1,504.16,291.59,0,3.3849
1,504.5,291.49,0,2.4458
1,504.63,291.6,0,1.4372
1,504.55,291.72,0,1.8748
1,504.31,291.76,0,3.2264
1,504.18,292.04,0,5.2878
1,503.85,292.27,0,5.3475
1,503.62,292.51,0,4.4116
1,503.38,292.89,0,4.6218
1,503.19,293.17,0,3.8125
1,503.17,293.34,0,3.5333
1,503.21,293.46,0,3.6999
1,503.3,293.63,0,4.2586
1,503.65,293.81,0,5.9062
1,503.84,294.23,0,6.3484
1,503.93,294.69,0,6.8382
1,504.02,295.21,0,6.7736
1,504,295.77,0,6.0466
1,504.14,296.09,0,5.4915
1,504.21,296.35,0,4.6551
1,504.11,296.62,0,3.943
1,504.22,296.83,0,2.9078
1,504.36,296.82,0,4.8222
1,504.61,296.89,0,6.0466
1,505.02,296.97,0,7.87
1,505.61,297.02,0,8.8748
1,506.41,297.12,0,9.8174
1,507.22,297.24,0,9.8551
1,507.8,297.51,0,8.9068
1,508.29,297.8,0,7.7118
1,508.62,297.67,0,6.5139
1,508.93,297.9,0,6.5056
1,509.19,298.11,0,6.374
1,509.46,298.41,0,7.1858
1,509.68,299,0,8.0129
1,509.89,299.52,0,8.2063
1,509.96,300.19,0,8.2493
1,510.04,300.75,0,7.4134
1,510.03,301.15,0,5.3088
1,510.03,301.51,0,4.2839
1,510.14,301.75,0,2.6387
1,510.33,301.71,0,2.1022
1,510.57,301.52,0,1.8933
1,510.76,301.29,0,1.5228
1,510.82,301.14,0,1.3131
1,510.82,301.21,0,2.5728
1,510.76,301.48,0,4.7332
1,510.61,301.92,0,6.4885
1,510.58,302.66,0,6.9366
1,510.69,303.22,0,5.5784
1,510.86,303.52,0,4.3551
1,511.06,303.72,0,2.8772
1,511.27,303.7,0,1.0054
1,511.32,303.59,0,0.31539
1,511.31,303.4,0,1.4773
1,511.09,303.45,0,3.0519
1,510.78,303.56,0,4.2523
1,510.44,303.63,0,5.0365
1,510.03,303.72,0,4.8018
1,509.7,303.82,0,4.0465
1,509.56,303.91,0,3.5989
1,509.39,303.92,0,4.1448
1,509.19,303.98,0,4.1197
1,508.99,304.21,0,4.6833
1,508.71,304.21,0,5.1348
1,508.34,304.32,0,5.5853
1,507.88,304.52,0,6.2293
1,507.39,304.61,0,5.3888
1,507.11,304.75,0,4.0426
1,506.9,304.81,0,2.5972
1,506.78,305.01,0,1.1559
1,506.88,305.05,0,0.53502
1,507.06,304.95,0,2.2222
1,507.11,304.78,0,3.0727
1,506.99,304.55,0,4.4805
1,506.56,304.32,0,6.3834
1,506.07,304.11,0,7.6055
1,505.55,303.92,0,9.2265
1,505.07,303.68,0,10.326
1,504.53,303.2,0,10.794
1,503.9,302.81,0,10.465
1,503.32,302.25,0,11.325
1,502.93,301.52,0,11.08
1,502.63,300.84,0,10.13
1,502.54,300.17,0,8.6323
1,502.69,299.58,0,6.9371
1,502.79,299.13,0,6.1487
1,502.77,298.82,0,5.0754
1,502.6,298.76,0,3.7946
1,502.47,298.75,0,3.8059
1,502.33,298.5,0,4.8663
1,502.21,298.17,0,5.9345
1,502.31,297.65,0,6.7458
1,502.55,297.08,0,6.7798
1,502.73,296.64,0,6.0325
1,503.02,296.19,0,5.0085
1,503.23,296.01,0,4.5776
1,503.49,296.06,0,4.2564
1,503.68,296.23,0,4.5459
1,503.91,296.57,0,4.9877
1,504.32,296.78,0,5.6095
1,504.71,296.99,0,5.4629
1,505.14,296.99,0,4.3815
1,505.42,296.79,0,3.7281
1,505.54,296.58,0,3.0485
1,505.61,296.27,0,2.8261
1,505.62,296.09,0,2.1093
1,505.63,296.14,0,1.6661
1,505.75,296.16,0,1.6037
1,505.92,296.24,0,1.5868
1,506.15,296.27,0,1.8237
1,506.18,296.29,0,2.1359
1,506.26,296.29,0,2.0019
1,506.35,296.24,0,1.4975
1,506.49,296.28,0,1.0809
1,506.59,296.41,0,1.2098
1,506.65,296.29,0,1.8289
1,506.77,296.19,0,2.4998
1,506.86,295.98,0,2.1818
1,506.81,295.66,0,2.5102
1,506.72,295.53,0,3.4252
1,506.47,295.53,0,4.8707
1,506.04,295.86,0,5.8569
1,505.59,296.37,0,6.7787
1,505.17,296.75,0,7.007
1,504.85,297.15,0,6.1935
1,504.59,297.14,0,4.9168
1,504.36,296.95,0,4.4019
1,504.17,296.97,0,5.598
1,503.93,297.29,0,6.5761
1,503.53,297.82,0,7.3432
1,503.18,298.34,0,6.8897
1,502.83,298.81,0,5.2955
1,502.48,298.97,0,4.0145
1,502.32,298.83,0,2.9553
1,502.31,298.65,0,2.6254
1,502.4,298.71,0,3.3374
1,502.37,299.12,0,4.7469
1,502.2,299.52,0,5.6502
1,502.04,299.99,0,6.4205
1,501.71,300.37,0,7.7104
1,501.3,300.7,0,6.8357
1,501.12,301.03,0,6.2284
1,501.1,301.39,0,6.1449
1,501.15,301.88,0,5.8511
1,501.22,302.41,0,4.9466
1,501.33,302.81,0,3.2342
1,501.51,302.99,0,3.0425
1,501.57,302.75,0,3.6857
1,501.68,302.43,0,3.6513
1,501.98,302.07,0,4.3547
1,502.4,302.01,0,5.6538
1,502.87,302.31,0,6.5539
1,503.27,302.8,0,7.0682
1,503.6,303.25,0,6.6656
1,503.92,303.59,0,5.5393
1,504.22,303.65,0,5.9228
1,504.58,303.18,0,7.614
1,505.01,302.54,0,7.8479
1,505.5,302.14,0,7.1482
1,506.06,302.07,0,6.2278
1,506.48,302.33,0,5.4542
1,506.76,302.69,0,5.5191
1,506.99,303.21,0,5.3097
1,507.04,303.62,0,5.7652
1,507.29,303.35,0,8.1064
1,507.74,302.71,0,11.713
1,508.52,301.92,0,13.817
1,509.6,301.25,0,14.548
1,510.7,300.94,0,13.681
1,511.6,301.01,0,12.77
1,512.36,301.22,0,12.19
1,512.96,301.59,0,11.382
1,513.56,301.84,0,11.375
1,514.06,302.01,0,11.494
1,514.87,301.94,0,12.268
1,515.85,301.8,0,12.633
1,516.77,301.58,0,12.576
1,517.55,301.33,0,11.194
1,518.19,300.87,0,9.863
1,518.71,300.63,0,8.2448
1,519.02,300.43,0,6.6296
1,519.28,300.24,0,4.2094
1,519.48,300.1,0,2.9774
1,519.63,300.03,0,1.4895
1,519.63,300.04,0,0.71828
1,519.53,299.99,0,1.2067
1,519.42,299.95,0,1.2477
1,519.37,300.01,0,1.9928
1,519.24,299.91,0,2.9758
1,519.15,299.9,0,3.6997
1,518.87,300.19,0,4.87
1,518.51,300.25,0,6.0014
1,518.12,300.16,0,7.339
1,517.52,299.81,0,8.2542
1,517.08,299.35,0,9.1741
1,516.68,298.89,0,10.234
1,516.19,298.42,0,12.241
1,515.62,298.14,0,13.798
1,514.71,298.08,0,15.755
1,513.52,297.89,0,17.49
1,512.21,297.53,0,18.341
1,510.74,297.65,0,18.504
1,509.42,297.9,0,16.267
1,508.48,298.38,0,14.361
1,507.81,298.91,0,11.905
1,507.41,299.22,0,10.042
1,507.1,299.67,0,8.7417
1,506.78,300.07,0,7.3299
1,506.51,300.19,0,5.9176
1,506.18,300.59,0,6.2703
1,505.76,300.68,0,6.2139
1,505.38,300.73,0,5.0105
1,505,300.64,0,4.3534
1,504.69,300.44,0,3.0687
1,504.62,300.39,0,2.4914
1,504.53,300.36,0,2.9248
1,504.46,300.51,0,3.2206
1,504.41,300.88,0,3.3432
1,504.32,301.29,0,2.2689
1,504.23,301.5,0,1.5854
1,504.29,301.59,0,0.99538
1,504.39,301.53,0,2.5633
1,504.66,301.15,0,4.628
1,504.9,300.75,0,5.5714
1,505.07,300.44,0,5.5978
1,505.29,300.15,0,4.53
1,505.53,299.88,0,2.3521
1,505.7,299.66,0,0.85043
1,505.76,299.81,0,2.2509
1,505.67,300.12,0,4.0451
1,505.39,300.63,0,3.2225
1,505.15,301.02,0,2.3425
1,504.94,301.19,0,0.41961
1,505.06,301.01,0,1.73
1,505.32,300.6,0,3.1601
1,505.47,300.25,0,4.0169
1,505.64,299.96,0,3.6686
1,505.62,299.78,0,3.1589
1,505.43,299.76,0,1.8826
1,505.29,299.55,0,1.5149
1,505.09,299.54,0,0.78229
1,505.2,299.48,0,0.48801
1,505.27,299.47,0,0.66735
1,505.34,299.65,0,0.70962
1,505.39,299.71,0,2.026
1,505.47,299.57,0,1.8744
1,505.62,299.39,0,1.7606
1,505.82,299.25,0,1.3717
1,505.84,299.36,0,1.8938
1,505.92,299.54,0,3.0587
1,506.02,299.76,0,3.2168
1,506.17,300.02,0,3.9375
1,506.29,300.13,0,4.2902
1,506.67,300.02,0,5.6832
1,507.15,299.99,0,6.9271
1,507.7,299.97,0,7.89
1,508.17,300.23,0,7.7425
1,508.57,300.72,0,7.2783
1,509.06,301.11,0,6.7011
1,509.41,301.38,0,5.1105
1,509.65,301.47,0,3.5341
1,509.81,301.36,0,2.5205
1,509.83,301.21,0,3.3979
1,509.91,300.91,0,4.7681
1,510.07,300.61,0,4.6316
1,510.21,300.39,0,4.3629
1,510.49,300.17,0,4.5947
1,510.68,299.83,2,4.5852
1,510.71,299.66,2,7.9445
1,510.69,299.63,2,16.656
1,511.17,300,2,30.227
1,513,300.55,2,47.143
1,516.67,301.04,2,63.314
1,521.77,300.83,2,78.618
1,528.2,299.8,2,89.427
1,535.13,297.82,2,92.161
1,541.6,295.36,2,85.402
1,546.93,292.76,2,69.864
1,550.63,290.65,2,49.427
1,552.55,289.22,2,29.17
1,552.73,288.51,2,16.252
1,551.23,287.82,2,17.277
1,549.21,287.18,2,20.279
1,547.36,286.3,2,19.095
1,546.26,285.32,2,14.858
1,546.21,284.52,2,9.1622
1,546.53,284.11,2,4.6181
1,546.82,284.08,3,2.5394
1,546.67,284.45,3,5.1377
1,546.12,284.94,3,8.751
1,545.45,285.49,3,11.427
1,544.82,285.99,3,12.694
1,544.26,286.76,3,10.572
1,543.99,287.46,3,7.1766
1,543.77,287.9,3,5.7892
1,543.51,288.1,3,3.6414
1,543.31,287.83,3,3.5094
1,543.21,287.51,1,3.9917
1,543.04,287.35,1,4.2107
1,542.84,287.32,1,5.0497
1,542.37,287.69,1,6.843
1,541.86,288.03,1,6.9852
1,541.39,288.04,1,7.2882
1,540.78,288.06,1,8.0295
1,540.3,287.69,1,8.5929
1,539.98,287.18,1,8.2703
1,539.72,286.65,1,8.2778
1,539.54,286.1,1,8.8746
1,539.29,285.62,1,9.3726
1,538.93,285.22,1,10.121
1,538.42,284.74,1,9.7054
1,537.79,284.36,1,8.2476
1,537.24,283.9,1,6.8682
1,537.16,283.24,1,6.023
1,537.47,282.77,1,4.712
1,538,282.68,1,4.155
1,538.61,282.78,1,3.3733
1,538.92,283.01,1,2.347
1,538.81,283.22,1,0.78888
1,538.56,283.22,1,0.38178
1,538.34,283.13,1,1.1586
1,538.3,282.91,1,1.8949
1,538.4,282.62,1,2.1852
1,538.61,282.5,1,2.5355
1,538.85,282.5,1,3.7217
1,539.03,282.62,1,4.1724
1,539.17,282.91,1,4.8215
1,539.49,283.05,1,5.3223
1,539.87,283.24,1,6.4593
1,540.41,283.35,1,6.2629
1,540.88,283.41,1,5.3213
1,541.19,283.46,1,4.5756
1,541.38,283.61,1,3.8773
1,541.48,283.89,1,3.2391
1,541.44,284.23,1,2.7863
1,541.4,284.44,1,2.3521
1,541.23,284.54,1,2.3776
1,541.2,284.54,1,2.0505
1,541.04,284.39,1,2.7506
1,540.75,284.3,1,2.9979
1,540.49,284.43,1,2.7737
1,540.33,284.64,1,3.2587
1,540.27,284.96,1,3.087
1,540.33,285.2,1,3.064
1,540.44,285.38,1,3.2863
1,540.59,285.57,1,3.2861
1,540.67,285.63,1,2.7565
1,540.62,285.84,1,3.1753
1,540.46,286.07,1,3.7541
1,540.28,286.35,1,3.1604
1,540.13,286.69,1,3.0938
1,540.19,286.87,1,4.1499
1,540.62,286.84,1,5.9043
1,541.22,286.68,1,6.9459
1,541.86,286.56,1,7.7887
1,542.5,286.43,1,7.6969
1,543.02,286.32,1,6.1618
1,543.3,286.32,1,4.0014
1,543.38,286.34,1,2.3255
1,543.33,286.4,1,2.3552
1,543.46,286.36,1,3.8499
1,543.63,286.14,1,5.4203
1,543.83,285.85,1,6.1546
1,544.04,285.29,1,6.6908
1,544.15,284.66,1,6.2726
1,544.11,284.11,1,5.6206
1,543.96,283.81,1,5.6292
1,543.65,283.64,1,5.4348
1,543.39,283.56,1,4.515
1,543.22,283.35,1,3.6651
1,543.18,283.06,1,2.7381
1,543.13,282.7,1,2.1397
1,542.95,282.6,1,2.7132
1,542.77,282.8,1,4.1167
1,542.62,283.46,1,4.5438
1,542.5,284.09,1,2.6025
1,542.4,284.36,1,1.0415
1,542.53,284.22,1,3.0336
1,542.93,283.78,1,4.5652
1,543.28,283.15,1,4.8906
1,543.5,282.67,1,3.0412
1,543.51,282.46,1,0.88714
1,543.45,282.76,1,3.5019
1,543.41,283.36,1,5.2635
1,543.25,283.91,1,4.5104
1,543.22,284.25,1,3.8851
1,543.24,284.48,1,2.2005
1,543.18,284.47,1,1.577
1,543.08,284.21,1,2.4627
1,542.84,284.01,1,3.2878
1,542.54,283.93,1,3.171
1,542.28,284.13,1,2.7131
1,542.1,284.46,1,2.4617
1,542.08,284.68,1,1.0467
1,542.12,284.88,1,0.98186
1,542.33,284.85,1,2.4769
1,542.59,284.5,1,4.0306
1,542.78,284.06,1,3.6035
1,542.83,283.79,1,3.51
1,542.82,283.66,1,3.5733
1,542.79,283.6,1,4.4472
1,542.68,283.39,1,5.1471
1,542.41,283.05,1,5.7208
1,542.3,282.62,1,6.416
1,542.35,281.94,1,6.4049
1,542.49,281.38,1,6.3243
1,542.63,281.09,1,4.8281
1,542.79,280.87,1,2.9666
1,542.84,280.77,1,1.028
1,542.78,280.73,1,0.84137
1,542.64,280.91,1,1.4115
1,542.65,281.16,1,1.2656
1,542.77,281.29,1,1.2116
1,542.88,281.39,1,2.1554
1,543.07,281.3,1,2.6744
1,543.32,281.05,1,3.3789
1,543.37,280.74,1,4.5483
1,543.36,280.34,1,4.6741
1,543.29,280.06,1,4.2481
1,543.27,279.86,1,4.8426
1,543.43,279.71,1,6.4715
1,543.85,279.43,1,7.6106
1,544.57,279.15,1,8.2889
1,545.35,278.87,1,7.4037
1,545.85,278.72,1,5.6916
1,546.07,278.55,1,5.226
1,545.95,278.24,1,4.6931
1,545.68,277.98,1,4.5793
1,545.52,277.86,1,6.3265
1,545.66,277.29,1,7.5173
1,546.05,276.65,1,7.8915
1,546.58,276.11,1,8.0128
1,547.08,275.8,1,6.4208
1,547.34,275.58,1,4.7844
1,547.43,275.36,1,3.6909
1,547.39,275.36,1,2.5907
1,547.36,275.55,1,2.9045
1,547.56,275.35,1,4.3561
1,547.93,275.08,1,4.7814
1,548.26,274.79,1,4.6801
1,548.61,274.59,1,4.8691
1,548.81,274.56,1,4.7515
1,548.98,274.6,1,5.6497
1,549.26,274.74,1,6.7071
1,549.69,274.69,1,7.7181
1,550.38,274.27,1,8.235
1,551.01,273.65,1,7.8118
1,551.34,273,1,6.4958
1,551.49,272.68,1,4.7844
1,551.31,272.6,1,3.3528
1,551.13,272.57,1,2.8599
1,551.2,272.73,1,4.6161
1,551.67,272.72,1,6.1139
1,552.36,272.58,1,7.736
1,553.08,272.41,1,8.01
1,553.64,272.35,1,7.9665
1,554.11,272.34,1,7.152
1,554.37,272.33,1,5.3765
1,554.68,272.28,1,4.2085
1,554.96,272.41,1,3.2926
1,555.14,272.57,1,3.716
1,555.21,272.78,1,3.7236
1,555.41,272.93,1,2.9627
1,555.54,273.07,1,1.8546
1,555.72,272.96,1,1.8111
1,555.89,272.78,1,2.055
1,555.97,272.54,1,3.0266
1,555.91,272.31,1,3.113
1,555.79,272.08,1,3.4791
1,555.66,271.93,1,4.1555
1,555.57,271.84,1,5.0704
1,555.25,271.76,1,6.1458
1,554.76,271.56,1,6.9998
1,554.24,271.35,1,7.8168
1,553.61,271.08,1,7.5948
1,553.14,270.74,1,7.0478
1,552.9,270.46,1,5.4998
1,552.7,270.36,1,4.7776
1,552.49,270.48,1,4.7431
1,552.15,270.62,1,5.6397
1,551.8,270.82,1,6.6754
1,551.42,270.98,1,7.8173
1,550.85,271.23,1,7.9388
1,550.33,271.54,1,6.7582
1,549.89,271.76,1,6.1435
1,549.48,271.75,1,5.336
1,549.18,271.66,1,5.488
1,548.93,271.11,1,5.3849
1,548.89,270.47,1,4.4373
1,548.99,269.95,1,3.3178
1,549.15,269.88,1,0.95304
1,549.32,270.17,1,0.40781
1,549.38,270.39,1,1.1622
1,549.16,270.53,1,1.2373
1,548.93,270.61,1,1.1126
1,548.74,270.39,1,1.1152
1,548.73,270.23,1,1.3354
1,548.8,270.22,1,1.2298
1,548.85,270.3,1,0.48395
1,548.79,270.52,1,0.70824
1,548.73,270.57,1,0.55884
1,548.61,270.45,1,1.2978
1,548.61,270.24,1,1.8335
1,548.71,270.08,1,2.0171
1,548.64,270.05,1,1.8024
1,548.45,269.98,1,1.4088
1,548.28,269.91,1,1.7072
1,548.13,269.89,1,1.4572
1,548.21,269.84,1,1.3178
1,548.28,269.63,1,1.2808
1,548.29,269.46,2,0.60133
1,548.25,269.52,2,1.6533
1,547.92,269.69,2,4.9874
1,547.88,269.93,2,12.14
1,548.41,270.15,2,24.759
1,549.88,270,2,41.092
1,552.76,269.04,2,59.031
1,557.01,266.9,2,74.868
1,562.47,263.85,2,84.349
1,568.34,260.03,2,85.248
1,573.57,256.19,2,78.105
1,577.74,253.12,2,65.514
1,580.45,250.77,2,48.766
1,581.92,249.17,2,31.152
1,582.19,248.09,2,17.808
1,581.55,247.32,2,12.029
1,580.63,246.9,2,11.742
1,579.41,246.54,2,12.337
1,578.2,246.57,2,10.82
1,577.44,246.93,2,8.9762
1,577.06,247.25,2,5.4248
1,577.15,247.57,2,1.539
1,577.41,247.62,1,2.1929
1,577.66,247.51,1,3.5363
1,578.02,247.29,1,3.848
1,578.21,247.1,1,3.7787
1,578.42,246.92,1,3.49
1,578.67,246.88,1,3.9463
1,578.81,246.95,1,3.6022
1,579.02,247.03,1,3.3234
1,579.31,246.83,1,3.0177
1,579.59,246.78,1,2.6895
1,579.73,246.54,1,3.8284
1,579.55,246.26,1,4.5696
1,579.27,245.96,1,5.1149
1,578.97,245.59,1,4.6347
1,578.71,245.31,1,3.4692
1,578.61,245.1,1,2.7877
1,578.63,244.88,1,2.1761
1,578.89,244.99,1,1.8647
1,579.1,244.94,1,1.5948
1,579.18,244.88,1,3.0307
1,579.14,245.23,1,3.313
1,579.17,245.43,1,3.4452
1,579.1,245.77,1,3.8334
1,579.12,246.14,1,4.3689
1,579.11,246.52,1,3.4086
1,579.37,246.69,1,3.4073
1,579.82,246.52,1,2.1762
1,580.04,246.38,1,1.7161
1,579.96,246.42,1,1.0622
1,579.84,246.17,1,1.4288
1,579.66,245.99,1,0.64874
1,579.61,246,1,0.7987
1,579.64,246.19,1,0.77522
1,579.87,246.1,1,1.7333
1,580.27,246.03,1,2.1526
1,580.41,246.03,1,1.3299
1,580.33,246.08,1,1.0394
1,580.16,246.13,1,1.362
1,579.93,246.15,1,1.5066
1,579.78,246.28,1,0.92733
1,579.77,246.35,1,0.80038
1,579.82,246.21,1,1.0887
1,579.98,246.17,1,2.2164
1,580.28,246.15,1,2.565
1,580.47,246.49,1,3.2777
1,580.44,246.83,1,4.3591
1,580.2,247.12,1,5.1537
1,579.84,247.48,1,5.4565
1,579.41,247.69,1,5.3179
1,578.94,247.72,1,5.3915
1,578.5,247.56,1,4.6214
1,578.29,247.26,1,3.5174
1,578.33,246.99,1,3.0912
1,578.48,246.64,1,2.9543
1,578.67,246.42,1,2.2805
1,578.72,246.4,1,1.0679
1,578.58,246.45,1,0.98777
1,578.44,246.56,1,1.5862
1,578.18,246.51,1,2.5075
1,577.92,246.58,1,3.1818
1,577.92,246.36,1,3.173
1,577.87,246.15,1,3.2557
1,577.74,245.93,1,3.0422
1,577.43,245.76,1,3.0286
1,577.15,245.74,1,2.6597
1,577,245.71,1,1.4116
1,576.97,245.57,1,0.35145
1,577.08,245.64,1,2.0249
1,577.41,245.72,1,1.6862
1,577.58,245.85,1,1.2885
1,577.63,245.94,1,1.2635
1,577.52,246.12,1,1.9289
1,577.24,246.23,1,1.9454
1,576.92,246.17,1,1.7842
1,576.77,245.95,1,2.1142
1,576.77,245.69,1,0.62902
1,576.87,245.73,1,1.4597
1,577.07,245.79,1,1.7483
1,577.2,245.92,1,2.6378
1,577.3,246.29,1,2.3996
1,577.28,246.53,1,1.3171
1,577.28,246.71,1,0.85592
1,577.35,246.49,1,1.8325
1,577.36,246.07,1,2.8478
1,577.31,245.91,1,3.4667
1,577.36,245.64,1,3.86
1,577.24,245.28,1,3.3422
1,577.24,245.14,1,1.4829
1,577.21,245.07,1,0.39534
1,577.15,245.21,1,0.47827
1,577.17,245.18,1,0.39165
1,577.26,245.26,1,0.38954
1,577.3,245.37,1,1.6553
1,577.24,245.32,1,2.7775
1,577,245.27,1,3.9621
1,576.67,245.33,1,4.0791
1,576.22,245.65,1,3.3124
1,575.95,246.05,1,1.9298
1,575.88,246.2,1,0.48338
1,576.16,246.07,1,2.4317
1,576.46,245.64,1,3.4452
1,576.64,245.28,1,4.7689
1,576.71,244.9,1,5.1857
1,576.51,244.61,1,5.9895
1,576.21,244.32,1,5.1439
1,576,244.05,1,4.4494
1,575.81,243.77,1,4.3723
1,575.71,243.54,1,4.2967
1,575.6,243.23,1,4.2769
1,575.67,243,1,2.4628
1,575.9,242.86,1,1.9231
1,576.08,242.93,1,1.7923
1,576.25,242.92,1,2.4068
1,576.39,243.01,1,3.4418
1,576.48,242.88,1,3.391
1,576.59,242.73,1,2.5959
1,576.73,242.37,1,2.4377
1,576.85,242.08,1,3.7123
1,576.94,241.92,1,3.7818
1,576.97,241.84,1,3.886
1,576.79,241.76,1,5.262
1,576.34,241.44,1,5.4393
1,575.93,240.93,1,5.6205
1,575.6,240.56,1,3.3003
1,575.5,240.37,1,1.5662
1,575.5,240.57,1,0.32098
1,575.71,240.7,1,1.3518
1,576.04,240.84,1,2.2141
1,576.22,240.91,1,2.4334
1,576.27,240.61,1,1.6838
1,576.3,240.45,1,1.1835
1,576.23,240.33,1,0.61536
1,576.3,240.37,1,0.33425
1,576.43,240.48,1,1.0281
1,576.42,240.56,1,1.9172
1,576.31,240.75,1,3.4154
1,575.97,240.79,1,4.7075
1,575.54,240.61,1,4.9311
1,575.03,240.54,1,4.3031
1,574.67,240.46,1,3.2954
1,574.53,240.34,1,3.0509
1,574.69,240.06,1,3.6601
1,574.96,239.82,1,4.1116
1,575.32,239.57,1,3.6001
1,575.39,239.3,1,3.511
1,575.35,239.02,1,2.7681
1,575.27,238.88,1,1.37
1,575.24,238.82,1,0.45481
1,575.27,238.94,1,1.6089
1,575.35,239.13,1,1.7776
1,575.4,239.49,1,0.69644
1,575.37,239.51,1,1.0495
1,575.25,239.5,1,1.5319
1,575.34,239.28,1,2.4545
1,575.63,239.05,1,2.6027
1,575.96,238.87,1,2.2034
1,576.22,238.96,1,2.1429
1,576.16,238.83,1,0.72768
1,575.94,238.96,1,1.5402
1,575.58,238.78,1,2.0997
1,575.31,238.79,1,2.2564
1,575.35,238.54,1,2.4421
1,575.51,238.38,1,2.0817
1,575.69,238.37,1,2.7199
1,575.78,238.24,1,2.885
1,575.83,237.9,1,3.552
1,575.98,237.73,1,2.3415
1,576.04,237.64,1,2.3993
1,576.19,237.7,1,3.6587
1,576.57,237.77,1,4.5641
1,576.82,238.01,1,5.1104
1,577.16,238.34,1,4.8647
1,577.43,238.54,1,3.5641
1,577.69,238.63,1,3.3197
1,577.91,238.58,1,2.7219
1,578,238.46,1,1.6999
1,577.96,238.22,1,2.0658
1,578,238.06,1,1.5405
1,577.84,237.98,1,1.4293
1,577.82,237.92,1,1.1044
1,577.78,237.84,1,0.66394
1,577.77,237.91,1,1.2602
1,577.96,237.86,1,2.6901
1,578.19,237.87,1,4.4863
1,578.4,238.25,1,4.8793
1,578.5,238.74,1,4.9981
1,578.47,239.29,1,4.1237
1,578.57,239.62,1,3.1444
1,578.78,239.55,1,2.872
1,579.06,239.38,1,2.461
1,579.32,238.97,1,3.8374
1,579.57,238.66,1,3.3675
1,579.69,238.6,1,1.6498
1,579.52,238.7,1,1.7805
1,579.35,238.66,1,1.9127
1,579.22,238.6,1,2.5841
1,579.14,238.47,1,3.5013
1,578.96,238.32,1,4.5274
1,578.53,238.43,1,5.3885
1,578.11,238.49,1,5.2763
1,577.69,238.72,1,5.4474
1,577.29,239.12,1,4.5227
1,577.12,239.27,1,2.562
1,577.11,239.42,1,1.3475
1,577.27,239.37,1,2.3506
1,577.34,239,1,3.8588
1,577.2,238.65,1,5.4603
1,576.91,238.18,1,6.4396
1,576.55,237.69,1,5.1535
1,576.19,237.49,1,4.2832
1,575.94,237.6,1,3.9155
1,575.7,237.85,1,3.4812
1,575.57,238.01,1,2.521
1,575.43,238.03,1,1.5755
1,575.38,238.1,1,1.6107
1,575.26,238.02,1,1.6842
1,575.22,237.78,1,2.8523
1,575.13,237.7,1,3.0408
1,574.91,237.78,1,2.724
1,574.72,237.64,1,2.5191
1,574.55,237.41,1,2.5751
1,574.44,237.12,1,2.5119
1,574.48,236.95,1,3.2234
1,574.7,236.86,1,4.3982
1,575.11,236.73,1,5.3939
1,575.57,236.63,1,4.2578
1,575.89,236.5,1,2.7463
1,576.13,236.41,1,2.0378
1,576.18,236.51,1,2.4356
1,576,236.71,1,4.226
1,575.7,237.18,1,5.6721
1,575.5,237.68,1,6.7152
1,575.57,238.16,1,7.0931
1,576.01,238.56,1,7.7541
1,576.51,238.84,1,8.2867
1,577.02,239.3,1,8.283
1,577.48,239.65,1,7.9289
1,577.94,239.93,1,6.4011
1,578.29,240.04,1,5.4485
1,578.54,239.74,1,4.7522
1,578.83,239.44,1,4.4868
1,579.12,239.16,1,4.5627
1,579.35,238.84,1,3.5415
1,579.5,238.88,1,2.347
1,579.63,239.07,1,2.0789
1,579.72,239.47,1,2.4778
1,579.7,239.69,1,1.4587
1,579.62,239.65,1,0.69614
1,579.55,239.63,1,1.9851
1,579.71,239.5,1,2.3185
1,580.03,239.24,1,2.7334
1,580.19,239.06,1,3.0458
1,580.2,238.79,1,2.4759
1,580.01,238.72,1,2.6066
1,579.79,238.54,1,3.3049
1,579.4,238.4,1,4.4601
1,579,238.52,1,5.1501
1,578.84,238.85,1,4.4736
1,578.78,239.32,1,3.7779
1,578.58,239.64,1,3.5322
1,578.48,239.81,1,2.5302
1,578.45,239.9,1,2.2255
1,578.53,239.72,1,1.9118
1,578.51,239.7,1,2.1263
1,578.32,239.94,1,2.4027
1,578.25,240.36,1,2.2492
1,578.23,240.56,1,2.4042
1,578.2,240.72,1,0.79063
1,578.29,240.7,1,0.023635
1,578.34,240.53,1,1.4704
1,578.33,240.38,1,3.4346
1,578.31,240.06,1,2.5698
1,578.05,239.86,1,1.5436
1,577.94,239.8,1,0.21662
1,578.05,239.75,1,0.62626
1,578.07,239.98,1,1.774
1,578.2,240.15,1,2.0947
1,578.33,240.41,1,2.6748
1,578.34,240.63,1,3.2115
1,578.43,240.58,1,2.7282
1,578.52,240.77,1,1.4022
1,578.66,240.88,1,1.2746
1,578.87,240.85,1,2.3623
1,578.88,240.67,1,3.2474
1,578.88,240.26,1,3.6041
1,578.76,239.81,1,3.571
1,578.54,239.41,1,2.8493
1,578.34,239.37,1,1.8024
1,578.33,239.69,1,1.3726
1,578.3,239.93,1,1.3904
1,578.24,240.02,1,1.6074
1,578.15,240.01,1,2.0484
1,577.99,239.87,1,3.3269
1,577.88,239.66,1,5.7639
1,577.66,239.15,1,6.79
1,577.48,238.69,1,6.5868
1,577.45,238.2,1,5.6265
1,577.38,237.73,1,5.1936
1,577.1,237.43,1,4.7629
1,576.69,237.46,1,3.9607
1,576.32,237.77,1,3.615
1,576.19,237.93,1,3.7246
1,575.91,237.77,1,4.3249
1,575.69,237.79,1,3.8032
1,575.62,237.61,1,4.2314
1,575.41,237.39,1,4.9652
1,575.06,237.14,1,5.64
1,574.73,236.8,1,4.8777
1,574.52,236.55,1,3.2529
1,574.57,236.32,1,3.2239
1,574.47,236.12,1,3.3009
1,574.34,236.26,1,3.3363
1,574.15,236.21,1,3.3153
1,573.8,236.21,1,3.4581
1,573.51,236.31,1,2.9374
1,573.31,236.32,1,2.5633
1,573.19,236.32,1,2.4752
1,573.27,236.33,1,2.492
1,573.26,236.27,1,4.3301
1,573.04,236.29,1,6.0406
1,572.46,236.27,1,7.4232
1,571.72,236.33,1,8.4416
1,570.96,236.59,1,7.9135
1,570.39,236.69,1,6.9937
1,570.06,236.79,1,5.5674
1,570.01,236.88,1,4.7734
1,570.09,237.13,1,5.1728
1,570.02,237.69,1,5.1795
1,569.78,238.09,1,5.6374
1,569.45,238.38,1,5.0936
1,569.03,238.6,1,4.4502
1,568.67,238.55,1,3.265
1,568.49,238.36,1,2.5383
1,568.53,238.05,1,2.6366
1,568.63,237.86,1,2.6798
1,568.7,237.74,1,1.8447
1,568.68,237.49,1,1.9004
1,568.7,237.46,1,1.6724
1,568.75,237.56,1,1.9947
1,568.83,237.62,1,2.6136
1,569.02,237.46,1,4.2439
1,569.41,237.3,1,5.4867
1,569.82,237.27,1,6.3539
1,570.37,237.26,1,5.6669
1,570.73,237.33,1,4.9749
1,571.08,237.64,1,4.1812
1,571.19,237.8,1,4.9926
1,571.31,237.9,1,5.8873
1,571.45,238.04,1,6.5655
1,571.68,238.34,1,8.0481
1,572.18,238.87,1,8.797
1,572.83,239.46,1,9.3998
1,573.4,239.96,1,8.4224
1,573.91,240.38,1,6.7112
1,574.16,240.34,1,3.3413
1,574.31,240.17,1,1.6465
1,574.27,239.96,1,1.0871
1,574.07,239.96,1,2.5666
1,574.01,240.27,1,3.8198
1,574.06,240.69,1,4.3024
1,574.25,241.17,1,3.5167
1,574.46,241.45,1,3.5245
1,574.77,241.45,1,3.3437
1,574.97,241.42,1,2.6371
1,575.12,241.24,1,2.5303
1,575.14,241.09,1,3.0314
1,575.09,240.99,1,3.5467
1,575.18,240.76,1,3.7995
1,575.17,240.41,1,2.6801
1,575.07,240,1,2.2954
1,575.09,239.78,1,2.031
1,574.94,239.84,1,1.937
1,574.81,240.13,1,2.5146
1,574.69,240.47,1,3.2563
1,574.46,240.77,1,2.7589
1,574.36,240.78,1,2.068
1,574.27,240.67,1,2.1443
1,574.19,240.6,1,3.3307
1,574.16,240.41,1,4.4176
1,573.89,240.17,1,6.4717
1,573.63,239.77,1,6.8938
1,573.37,239.23,1,7.0795
1,572.83,238.88,1,8.2857
1,572.25,238.78,1,9.1331
1,571.53,239.07,1,10.215
1,570.81,239.76,1,9.7681
1,570.33,240.42,1,9.2488
1,569.92,241.03,1,8.7212
1,569.55,241.14,1,6.64
1,569.25,240.98,1,4.645
1,568.82,240.85,1,2.019
1,568.66,240.77,1,0.74179
1,568.71,240.79,1,2.196
1,568.97,241.07,1,4.1344
1,569.46,241.45,1,4.8487
1,569.86,241.79,1,4.6075
1,570.03,242.03,1,2.6976
1,569.95,242.17,1,1.1294
1,569.66,242.15,1,2.9014
1,569.36,242.06,1,2.4795
1,569.15,241.94,1,1.91
1,568.99,241.79,1,1.973
1,569.04,241.72,1,3.1702
1,569.36,241.57,1,4.1682
1,569.89,241.48,1,4.443
1,570.34,241.46,1,4.7196
1,570.68,241.44,1,5.4593
1,570.8,241.77,1,5.7745
1,570.93,242.26,1,6.0731
1,571.03,242.77,1,5.2976
1,571.34,243.13,1,4.6564
1,571.84,243.17,1,4.4006
1,572.3,242.83,1,3.6551
1,572.44,242.48,1,2.581
1,572.41,242.19,1,1.6738
1,572.31,242.25,1,2.0087
1,572.39,242.5,1,3.0113
1,572.54,243,1,3.1159
1,572.7,243.38,1,2.5271
1,572.84,243.63,1,0.13438
1,572.78,243.36,1,2.7316
1,572.52,242.95,1,3.2845
1,572.3,242.58,1,3.4846
1,572.15,242.23,1,2.6709
1,572.35,242.1,1,2.306
1,572.63,242.15,1,1.8596
1,572.84,242.19,1,1.4601
1,572.92,242.38,1,1.5178
1,572.87,242.4,1,0.98278
1,572.86,242.36,1,1.9905
1,572.87,242.27,1,2.9425
1,572.94,242.03,1,4.2812
1,573.13,241.67,1,4.2016
1,573.17,241.24,1,4.1642
1,573.17,240.79,1,3.6099
1,572.89,240.61,1,3.7941
1,572.51,240.76,1,4.1
1,572.14,240.86,1,3.627
1,571.82,241.03,1,2.7276
1,571.68,241.13,1,1.6324
1,571.71,240.89,1,1.4162
1,571.75,240.74,1,2.2996
1,571.92,240.45,1,3.1773
1,572.03,240.27,1,2.3425
1,572.15,240.32,1,1.9247
1,572.15,240.1,1,2.1739
1,572.05,240.05,1,1.6017
1,572.02,239.98,1,2.3
1,572.11,239.74,1,2.9617
1,572.2,239.62,1,2.5854
1,572.37,239.53,1,3.637
1,572.63,239.33,1,4.1019
1,572.92,239.16,1,3.4712
1,572.95,238.99,1,4.624
1,572.89,238.66,1,4.8374
1,573,238.39,1,5.5543
1,573.27,238.12,1,7.9474
1,573.86,237.91,1,9.2889
1,574.68,237.89,1,10.032
1,575.58,237.79,1,10.185
1,576.39,237.73,1,9.3009
1,576.91,237.92,1,7.7669
1,577.2,238.02,1,5.9946
1,577.36,238.22,1,5.7275
1,577.47,238.57,1,5.0016
1,577.73,238.78,1,5.8176
1,578.13,238.99,1,6.4973
1,578.68,238.97,1,6.7849
1,579.19,238.59,1,7.0674
1,579.7,238.26,1,6.1066
1,580.04,238.16,1,5.5884
1,580.27,237.99,1,5.0897
1,580.46,237.92,1,5.2391
1,580.4,237.62,1,6.2357
1,580.34,237.17,1,6.3385
1,580.31,236.51,1,6.4815
1,580.09,235.79,1,6.8501
1,579.94,235.39,1,5.8417
1,579.62,235.38,1,5.043
1,579.32,235.37,1,4.5329
1,579.08,235.43,1,4.5386
1,578.72,235.4,1,5.076
1,578.42,235.39,1,5.4025
1,578.03,235.41,1,4.852
1,577.66,235.22,1,3.8528
1,577.46,235.1,1,2.5461
1,577.31,234.96,1,1.1196
1,577.39,234.88,1,0.65464
1,577.49,234.8,1,0.68043
1,577.62,234.93,1,1.5891
1,577.65,235.26,1,2.4967
1,577.49,235.63,1,2.1565
1,577.43,235.68,1,1.4408
1,577.29,235.67,1,2.157
1,577.18,235.4,1,3.184
1,577.08,235.06,1,2.5858
1,577.05,234.7,1,2.3986
1,577.15,234.52,1,1.6245
1,577.31,234.55,1,0.86948
1,577.46,234.8,1,0.72378
1,577.54,234.92,1,1.577
1,577.53,235.12,1,0.61752
1,577.4,235.01,1,0.94624
1,577.31,234.82,1,1.3412
1,577.48,234.78,1,2.9697
1,577.71,235,1,3.9798
1,577.99,235.52,1,3.968
1,578.06,235.98,1,3.6103
1,578.01,236.21,1,2.6868
1,577.97,236.4,1,3.8372
1,577.65,236.35,1,5.5658
1,577.18,236.09,1,6.0716
1,576.7,235.97,1,6.04
1,576.24,236.02,1,5.8627
1,575.83,236.07,1,6.0384
1,575.4,236.15,1,5.9684
1,575.17,236.26,1,5.5351
1,575.04,236.51,1,5.1974
1,574.82,236.97,1,5.1843
1,574.55,237.19,1,5.2841
1,574.4,237.61,1,5.2153
1,574.31,237.88,1,4.8843
1,574.21,238.05,1,3.7297
1,574.1,238.26,1,3.391
1,574.03,238.3,1,4.0427
1,573.84,238.55,1,4.7077
1,573.63,238.88,1,4.948
1,573.43,239.18,1,3.6407
1,573.29,239.42,1,3.3109
1,573.11,239.54,1,2.4207
1,573.01,239.66,1,2.6865
1,573.19,239.8,1,2.2001
1,573.49,239.75,1,2.1704
1,573.73,239.77,1,1.9015
1,573.89,239.94,1,1.8051
1,573.88,240.05,1,2.8685
1,573.75,240.23,1,2.5955
1,573.39,240.34,1,3.0655
1,573.12,240.47,1,2.9514
1,573,240.62,1,3.0878
1,572.96,240.64,1,4.0525
1,573.1,240.9,1,4.116
1,573.21,241.33,1,4.1155
1,573.37,241.58,1,3.831
1,573.48,242.03,1,4.0209
1,573.41,242.29,1,2.486
1,573.29,242.43,1,0.78634
1,573.11,242.23,1,1.1436
1,573.09,241.92,1,1.5765
1,573.22,241.78,1,1.9817
1,573.36,241.83,1,3.6221
1,573.63,242.01,1,5.0893
1,573.95,242.42,1,6.2296
1,574.3,242.95,1,6.1108
1,574.61,243.3,1,5.6326
1,574.81,243.47,1,4.931
1,575,243.55,1,4.423
1,575.13,243.65,1,3.4787
1,575.09,243.95,1,3.4549
1,575.14,244.22,1,3.6213
1,575.24,244.55,1,3.2544
1,575.47,244.75,1,2.7658
1,575.62,244.79,1,1.471
1,575.66,244.61,1,1.2308
1,575.69,244.45,1,2.2253
1,575.71,244.65,1,3.1731
1,575.7,244.84,1,5.1147
1,575.71,245.28,1,6.0261
1,575.77,245.92,1,6.8457
1,575.99,246.43,1,7.331
1,576.22,246.91,1,7.5561
1,576.6,247.03,1,7.1811
1,577.04,247.26,1,6.8499
1,577.5,247.6,1,6.5692
1,577.86,247.79,1,5.3325
1,577.98,248.18,1,4.5132
1,578,248.43,1,4.3665
1,578,248.62,1,3.788
1,578.07,248.7,1,4.2079
1,578.37,248.69,1,5.0809
1,578.69,248.95,1,6.391
1,579.16,249.14,1,7.8594
1,579.6,249.55,1,8.771
1,580.05,250.03,1,9.0022
1,580.5,250.42,1,8.2741
1,581.07,250.72,1,7.104
1,581.6,250.79,1,5.3138
1,582.01,250.66,1,3.8557
1,582.11,250.53,1,2.4808
1,582.07,250.28,1,2.0117
1,581.98,250.36,1,1.8715
1,582,250.61,1,2.1109
1,582.17,250.74,1,3.3284
1,582.56,250.72,1,4.8194
1,582.99,250.55,1,5.5951
1,583.45,250.35,1,5.4163
1,583.75,250.04,1,4.3982
1,583.84,249.79,1,4.1837
1,583.96,249.78,1,4.0628
1,584.08,249.62,1,3.0123
1,584.2,249.46,1,2.774
1,584.27,249.18,1,2.4245
1,584.22,248.95,1,2.3928
1,584.24,248.92,1,2.0249
1,584.13,248.77,1,2.177
1,584.02,248.72,1,1.887
1,584.12,248.66,1,3.2484
1,584.44,248.54,1,5.1052
1,585.03,248.6,1,6.3043
1,585.61,248.69,1,5.7738
1,586.01,249.05,1,4.2261
1,586.28,249.21,1,2.7992
1,586.3,249.29,1,1.0847
1,586.16,249.09,1,1.6458
1,585.97,248.83,1,2.4513
1,585.86,248.76,1,4.5637
1,585.96,248.44,1,6.7281
1,586.11,247.97,1,7.5459
1,586.33,247.43,1,7.1014
1,586.64,246.81,1,7.7322
1,587.06,246.49,1,7.7489
1,587.56,246.15,1,7.029
1,588.05,246.02,1,5.0106
1,588.41,246.27,1,3.4511
1,588.59,246.27,1,2.2568
1,588.49,246.22,1,1.4088
1,588.4,246.14,1,1.3359
1,588.37,246.19,1,1.2691
1,588.54,246.28,1,1.3909
1,588.75,246.22,1,2.4709
1,589,246.13,1,2.973
1,589.18,246.08,1,2.8892
1,589.3,245.95,1,3.5839
1,589.33,245.69,1,2.6816
1,589.32,245.54,1,3.1668
1,589.43,245.29,1,3.1347
1,589.57,245.11,1,3.8264
1,589.75,245.01,1,4.0244
1,590.1,244.97,1,4.2527
1,590.44,245.09,1,4.6653
1,590.82,245.25,1,4.9604
1,591.2,245.09,1,5.0043
1,591.38,244.89,1,3.9865
1,591.52,244.44,1,3.4274
1,591.6,244.18,1,1.9355
1,591.68,244.14,1,1.9376
1,591.81,244.29,1,1.7682
1,591.92,244.62,1,1.6619
1,591.97,244.94,1,1.2395
1,592.04,244.96,1,0.62716
1,592.01,244.79,1,1.1527
1,591.94,244.48,1,1.9622
1,591.96,244.32,1,2.5591
1,592,244.28,1,3.153
1,592.26,244.21,1,3.9131
1,592.63,244.17,1,4.6759
1,592.98,244.1,1,4.6634
1,593.32,244,1,5.0539
1,593.63,243.98,1,4.9823
1,593.91,243.93,1,5.3381
1,594.24,244.23,1,5.4436
1,594.56,244.57,1,4.6982
1,594.78,244.85,1,3.6758
1,595,245.05,1,2.9665
1,594.97,245.15,1,2.75
1,594.75,245.36,1,2.1551
1,594.58,245.4,1,1.5125
1,594.45,245.45,2,0.47205
1,594.59,245.55,2,1.1924
1,594.65,245.45,2,3.4532
1,594.62,245.38,2,8.2426
1,595.05,245.21,2,15.48
1,596.07,245.22,2,21.27
1,597.86,245.27,2,24.937
1,600.16,244.99,2,26.004
1,602.48,244.61,2,24.057
1,604.56,244.25,2,19.453
1,605.63,244.14,2,15.733
1,605.63,245.18,2,21.437
1,604.76,247.06,2,31.93
1,603.44,249.87,2,40.226
1,601.69,252.83,2,44.295
1,599.58,255.49,2,43.412
1,597.41,257.63,2,38.671
1,595.43,259.16,2,30.695
1,593.98,260.07,2,20.859
1,593.15,260.7,2,12.048
1,592.93,260.84,2,3.7383
1,593.33,260.79,2,2.5713
1,593.91,260.37,1,6.408
1,594.5,259.87,1,7.793
1,595.08,259.46,1,7.0743
1,595.37,259.19,1,5.125
1,595.62,259.23,1,3.3241
1,595.7,259.31,1,2.0717
1,595.8,259.4,1,1.535
1,595.9,259.54,1,1.3271
1,595.89,259.52,1,2.2184
1,595.74,259.67,1,2.074
1,595.54,259.89,1,1.0646
1,595.37,259.87,1,1.426
1,595.35,259.81,1,1.7938
1,595.39,259.49,1,1.9524
1,595.64,259.28,1,2.8807
1,595.9,259.12,1,3.6041
1,596.13,258.79,1,2.9214
1,596.15,258.87,1,1.7955
1,596.08,258.99,1,2.4365
1,596.19,258.92,1,3.5131
1,596.34,259.02,1,5.3612
1,596.67,259.36,1,5.8383
1,597.1,259.99,1,6.5097
1,597.41,260.47,1,5.8
1,597.59,260.73,1,4.5537
1,597.7,260.83,1,4.295
1,597.98,260.58,1,3.4005
1,598.28,260.36,1,2.7843
1,598.42,260.43,1,2.3777
1,598.53,260.62,1,3.9205
1,598.71,260.8,1,4.9446
1,598.92,260.97,1,5.8039
1,599.23,261.04,1,6.3244
1,599.82,260.93,1,6.981
1,600.61,260.63,1,7.4718
1,601.2,260.49,1,6.1645
1,601.51,260.5,1,3.8632
1,601.55,260.41,1,2.1918
1,601.45,260.51,1,3.9437
1,601.26,260.9,1,5.5832
1,601.28,261.39,1,6.4742
1,601.41,262.02,1,6.8042
1,601.49,262.53,1,6.3267
1,601.43,262.97,1,5.7563
1,601.32,263.17,1,6.1162
1,601,263.28,1,6.9944
1,600.43,263.53,1,8.3024
1,599.75,263.76,1,9.0823
1,599.18,263.92,1,8.9045
1,598.62,264,1,8.9438
1,598,263.95,1,8.9287
1,597.36,263.76,1,8.308
1,596.91,263.47,1,7.7864
1,596.53,263.15,1,7.3772
1,596.28,262.84,1,6.5711
1,596.05,262.47,1,6.7163
1,595.89,262.06,1,5.852
1,595.7,261.66,1,4.6597
1,595.39,261.5,1,3.5914
1,595.06,261.51,1,2.9648
1,594.85,261.69,1,2.8065
1,594.76,261.92,1,2.7695
1,594.82,262.19,1,2.5487
1,594.92,262.51,1,2.223
1,595.1,262.67,1,1.3158
1,595.24,262.46,1,2.343
1,595.24,262.16,1,2.7354
1,595.12,261.72,1,2.0949
1,594.9,261.54,1,1.8422
1,594.71,261.58,1,1.8179
1,594.53,261.8,1,1.381
1,594.46,262.14,1,0.89385
1,594.5,262.35,1,0.97135
1,594.56,262.04,1,3.2277
1,594.67,261.49,1,3.6201
1,594.79,260.94,1,3.1574
1,594.76,260.85,1,1.9443
1,594.83,260.88,1,1.9489
1,594.9,261.06,1,2.7675
1,595.09,261.31,1,4.0779
1,595.35,261.43,1,4.7925
1,595.7,261.42,1,5.3363
1,596.17,261.25,1,6.1166
1,596.66,261.23,1,6.5051
1,597.05,261.28,1,5.5622
1,597.42,261.1,1,4.709
1,597.67,260.91,1,4.0245
1,597.89,260.98,1,3.6699
1,598.07,261.13,1,4.1382
1,598.09,261.42,1,6.6317
1,598.02,262,1,8.2241
1,597.94,262.81,1,9.2104
1,597.94,263.68,1,7.8654
1,598,264.19,1,5.1527
1,598.21,264.29,1,4.8451
1,598.68,264.3,1,5.4855
1,599.2,264.15,1,6.0346
1,599.7,263.77,1,5.3154
1,600.04,263.48,1,3.08
1,600.19,263.37,1,1.4722
1,600.12,263.65,1,4.0093
1,599.81,264.1,1,5.2004
1,599.44,264.4,1,5.3169
1,599.11,264.72,1,5.2145
1,598.76,265.05,1,5.1191
1,598.62,265.16,1,3.9569
1,598.55,265.25,1,2.2946
1,598.64,265.27,1,2.3576
1,598.81,265.53,1,2.7775
1,598.87,265.87,1,3.0393
1,598.92,266.08,1,2.4157
1,598.92,266.23,1,1.4281
1,598.73,266.2,1,1.4419
1,598.48,266.09,1,0.7762
1,598.33,265.97,1,0.99931
1,598.45,265.79,1,3.0385
1,598.82,265.94,1,4.6799
1,599.16,266.24,1,5.9265
1,599.44,266.73,1,7.3879
1,599.71,267.4,1,7.9538
1,599.9,267.92,1,7.0501
1,600.08,268.22,1,5.883
1,600.25,268.33,1,5.5251
1,600.56,268.44,1,5.6929
1,600.89,268.63,1,7.2437
1,601.1,269.06,1,8.0187
1,601.23,269.67,1,8.5463
1,601.4,270.35,1,9.6098
1,601.61,271,1,9.9928
1,601.81,271.6,1,9.6303
1,601.88,272.23,1,8.3976
1,601.95,272.74,1,7.5539
1,601.81,273.15,1,6.544
1,601.72,273.62,1,6.0654
1,601.74,273.97,1,5.6239
1,601.99,274.17,1,5.0143
1,602.4,274.34,1,4.2129
1,602.73,274.49,1,3.8182
1,602.88,274.72,1,4.1074
1,602.78,274.98,1,3.4481
1,602.5,275.18,1,3.8376
1,602.34,275.56,1,3.4708
1,602.48,275.75,1,3.7966
1,602.97,275.98,1,4.4781
1,603.57,275.94,1,5.9657
1,604.05,275.59,1,6.615
1,604.35,275.14,1,6.425
1,604.4,274.61,1,4.8505
1,604.34,274.14,1,3.9871
1,604.33,274.02,1,2.1508
1,604.38,273.99,1,1.8309
1,604.44,274.19,1,1.0364
1,604.39,274.14,1,1.4819
1,604.3,274.01,1,2.369
1,604.12,273.94,1,3.1694
1,603.81,273.81,1,3.7483
1,603.5,273.8,1,3.8604
1,603.25,273.75,1,3.6264
1,602.94,273.9,1,3.4543
1,602.83,274.12,1,2.6412
1,602.77,274.26,1,1.2002
1,602.87,274.41,1,2.0082
1,602.82,274.37,1,3.0423
1,602.67,274.08,1,3.7925
1,602.48,273.59,1,3.7702
1,602.18,273.07,2,3.3294
1,601.87,273.04,2,4.0514
1,601.58,273.36,2,5.5183
1,601.45,274.02,2,7.5854
1,601.48,274.81,2,8.8761
1,601.45,275.45,2,8.9254
1,601.6,275.88,2,9.6721
1,601.99,276.22,2,10.906
1,602.62,276.56,2,15.068
1,602.99,277.48,2,23.301
1,602.24,278.76,2,34.568
1,600.49,280.47,2,48.727
1,597.87,283.43,2,60.63
1,594.88,287.42,2,69.108
1,592.33,292.04,2,73.93
1,590.78,297.25,2,74.456
1,590.38,302.43,2,71.183
1,590.72,307.23,2,68.034
1,591.19,311.44,2,60.11
1,591.5,314.69,2,50.195
1,591.41,317.86,2,41.047
1,590.88,320.26,2,30.906
1,590.3,321.89,2,19.875
1,589.91,322.82,2,10.175
1,589.75,322.78,3,2.4322
1,589.98,322.07,3,5.3033
1,590.64,321.35,3,8.2287
1,591.45,320.64,3,8.5335
1,592.01,320.47,3,7.4455
1,592.37,320.68,3,6.7789
1,592.67,321.32,3,7.9662
1,592.85,322.06,3,8.8278
1,592.98,322.68,3,8.4532
1,593.08,323.14,3,8.7751
1,593.25,323.59,3,8.5033
1,593.48,324,3,8.0989
1,593.67,324.41,3,8.372
1,593.89,324.88,3,9.9568
1,594.2,325.53,3,11.187
1,594.44,326.34,3,11.332
1,594.64,327.11,3,10.952
1,594.68,327.81,3,9.7051
1,594.7,328.56,3,8.7938
1,594.79,329.14,3,6.9904
1,595,329.38,3,4.8265
1,595.23,329.35,3,3.5587
1,595.45,329.46,3,2.8939
1,595.48,329.59,1,3.2891
1,595.44,329.83,1,3.0851
1,595.15,330.13,1,3.5549
1,594.91,330.37,1,4.0344
1,594.74,330.6,1,3.9589
1,594.73,330.63,1,3.8639
1,594.77,330.66,1,4.6918
1,594.59,330.94,1,7.1884
1,594.3,331.45,1,8.2708
1,594.06,332.2,1,9.351
1,593.82,333.02,1,8.4444
1,593.79,333.64,1,6.8959
1,593.76,334.04,1,5.4659
1,593.83,334.11,1,4.6268
1,593.75,334.1,1,4.7101
1,593.43,334.1,1,6.1378
1,592.94,334.45,1,7.4307
1,592.45,334.96,1,7.658
1,592.06,335.47,1,8.6499
1,591.81,335.98,1,8.445
1,591.75,336.4,1,8.8772
1,591.8,336.9,1,8.8046
1,591.74,337.45,1,8.9358
1,591.63,338.11,1,8.5141
1,591.42,338.9,1,7.6384
1,591.18,339.41,1,6.3258
1,591.04,339.59,1,4.0012
1,590.92,339.66,1,2.9047
1,590.99,339.61,1,2.0963
1,591,339.67,1,3.0682
1,590.82,339.66,1,4.122
1,590.42,339.7,1,4.8071
1,589.92,339.8,1,4.9926
1,589.41,339.7,1,4.4851
1,589.13,339.63,1,3.3723
1,589,339.53,1,2.593
1,589.06,339.71,1,2.094
1,589.19,339.95,1,2.6265
1,589.18,340.17,1,2.5871
1,589.03,340.42,1,2.3439
1,588.88,340.56,1,2.6092
1,588.61,340.55,1,1.7677
1,588.47,340.49,1,0.91247
1,588.53,340.47,1,2.8469
1,588.49,340.43,1,4.5607
1,588.5,339.91,1,4.8322
1,588.55,339.4,1,4.2547
1,588.68,339.11,1,4.2918
1,588.99,338.87,1,4.4071
1,589.27,338.82,1,3.3274
1,589.52,338.89,1,2.8298
1,589.75,339.03,1,2.6327
1,589.62,338.85,1,2.7365
1,589.5,338.3,1,3.9793
1,589.57,337.88,1,3.6442
1,589.91,337.75,1,3.4392
1,590.35,337.96,1,5.0129
1,590.86,338.36,1,5.9715
1,591.08,338.89,1,6.1232
1,591.08,339.4,1,5.9424
1,590.85,339.85,1,4.3615
1,590.66,340.11,1,2.4825
1,590.58,340.11,1,0.66304
1,590.66,339.91,1,0.85821
1,590.77,339.93,1,0.85929
1,590.9,339.85,1,1.9082
1,590.99,339.85,1,2.3119
1,591.1,339.86,1,3.1321
1,591.28,339.99,1,4.1115
1,591.65,340.05,1,4.5412
1,591.95,340.16,1,5.0817
1,592.22,340.48,1,5.3089
1,592.28,341.08,1,6.3068
1,592.01,341.64,1,6.0411
1,591.63,342.07,1,6.0826
1,591.19,342.29,1,5.395
1,590.95,342.46,1,4.1258
1,591.07,342.53,1,3.548
1,591.24,342.71,1,4.0338
1,591.56,343.04,1,5.1037
1,591.87,343.39,1,5.6436
1,592,343.91,1,4.5553
1,592.04,344.21,1,3.0397
1,591.82,344.41,1,3.8625
1,591.4,344.38,1,5.4675
1,590.97,344.04,1,6.4895
1,590.56,343.57,1,7.7976
1,590.12,343,1,7.8386
1,589.86,342.46,1,7.2884
1,589.8,342.1,1,5.6437
1,589.89,341.82,1,4.8952
1,589.68,341.75,1,4.8577
1,589.27,341.75,1,5.875
1,588.83,341.63,1,6.6251
1,588.36,341.58,1,6.9356
1,587.74,341.5,1,7.9069
1,587.22,341.51,1,7.5767
1,586.87,341.6,1,6.7536
1,586.57,341.86,1,6.2002
1,586.08,342.17,1,6.1107
1,585.66,342.31,1,5.5462
1,585.33,342.17,1,4.4155
1,585.08,342.06,1,3.7701
1,585,342.03,1,3.8676
1,584.87,342.21,1,4.6036
1,584.72,342.48,1,5.9518
1,584.25,342.83,1,6.1856
1,583.67,343.02,1,5.9129
1,583.11,342.97,1,4.353
1,582.73,342.82,1,2.8221
1,582.7,342.63,1,1.3527
1,583.02,342.6,1,0.7766
1,583.33,342.6,1,0.39433
1,583.42,342.54,1,1.0162
1,583.19,342.57,1,3.3408
1,582.78,342.64,1,4.6076
1,582.29,342.75,1,5.882
1,581.82,342.89,1,5.8825
1,581.47,342.93,1,4.8625
1,581.32,343.03,1,4.208
1,581.14,343.13,1,3.9799
1,580.95,343.24,1,4.6944
1,580.77,343.4,1,5.3593
1,580.44,343.61,1,6.4056
1,580.07,343.94,1,6.206
1,579.65,344.28,1,6.0682
1,579.28,344.53,1,5.2374
1,579.01,344.74,1,3.6453
1,578.89,344.85,1,2.6589
1,578.84,344.82,1,1.7331
1,578.84,344.58,1,2.1353
1,578.79,344.25,1,2.0691
1,578.68,344.07,1,3.4019
1,578.46,344.2,1,4.9753
1,578.21,344.68,1,6.0745
1,577.87,345.21,1,7.0882
1,577.57,345.73,1,7.408
1,577.1,346.17,1,6.6254
1,576.75,346.31,1,4.5654
1,576.5,346.31,1,2.1396
1,576.47,346.08,2,1.0419
1,576.46,346.08,2,1.5477
1,576.5,346.17,2,4.0422
1,576.65,346.39,2,5.8714
1,576.92,346.87,2,7.0931
1,577.19,347.36,2,8.1048
1,577.81,347.79,2,8.1636
1,580.09,348.36,2,24.322
1,579.73,348.88,2,52.669
1,575.93,349.51,2,82.671
1,568.86,349.92,2,110.98
1,558.81,350.26,2,129.55
1,546.92,350.41,2,131.67
1,535.77,350.48,2,117.1
1,527.88,350.53,2,84.696
1,525.44,350.74,2,40.716
1,524.77,351.31,2,13.052
1,526.32,352.07,2,14.828
1,529.21,352.77,2,30.202
1,532.23,353.15,2,36.409
1,534.86,353.26,2,34.346
1,537.15,353.14,2,29.932
1,538.93,352.77,2,23.673
1,540.4,352.2,2,17.87
1,541.29,351.66,2,11.098
1,541.6,351.24,3,5.9744
1,541.11,350.89,3,7.4061
1,540.23,350.69,3,11.057
1,539.15,350.55,3,11.886
1,538.03,350.4,3,11.092
1,537.22,350.35,3,8.8811
1,536.77,350.28,3,5.8414
1,536.73,350.15,3,3.3499
1,536.93,350.04,3,1.8547
1,537.07,349.99,1,3.0816
1,536.98,350.09,1,5.6511
1,536.45,350.13,1,8.4391
1,535.64,350.17,1,10.285
1,534.7,350.25,1,10.438
1,533.75,350.35,1,9.2314
1,533.11,350.18,1,7.059
1,532.89,349.81,1,5.3094
1,533.04,349.42,1,3.5414
1,533.16,349.08,1,2.0527
1,533.19,348.88,1,0.46342
1,533.16,348.93,1,1.014
1,533.03,349.24,1,2.6907
1,532.94,349.79,1,2.9154
1,532.97,350.08,1,2.753
1,533.38,350.04,1,4.1246
1,533.9,349.65,1,4.5581
1,534.23,349.14,1,2.1925
1,534.35,348.87,1,1.9884
1,534.22,349.04,1,4.7632
1,534.01,349.61,1,7.2816
1,533.87,350.55,1,9.1638
1,533.71,351.5,1,9.0111
1,533.79,352.28,1,5.9434
1,533.84,352.55,1,1.3274
1,533.87,352.2,1,2.8609
1,533.87,351.67,1,3.838
1,533.99,351.15,1,3.1956
1,534.27,350.9,1,3.3498
1,534.65,351.07,1,4.5358
1,535.03,351.52,1,5.4484
1,535.26,352.22,1,6.553
1,535.27,352.85,1,5.5886
1,535.13,353.19,1,2.6716
1,535.09,353.19,1,0.43574
1,535.17,352.95,1,2.7063
1,535.23,352.61,1,3.5209
1,535.26,352.31,1,3.8832
1,535.27,351.99,1,4.4553
1,535.18,351.64,1,4.084
1,535.17,351.44,1,3.4121
1,535.18,351.28,1,2.3182
1,535.29,351.07,1,1.2397
1,535.34,351,1,1.5403
1,535.16,351,1,2.5237
1,534.9,351.25,1,3.8053
1,534.65,351.63,1,4.655
1,534.45,352.01,1,4.3183
1,534.52,352.35,1,4.3336
1,534.65,352.58,1,3.7319
1,534.64,352.76,1,2.4184
1,534.57,352.91,1,1.6764
1,534.23,353,1,1.1628
1,534.04,352.83,1,1.2837
1,534.01,352.64,1,3.2929
1,534.39,352.53,1,4.6143
1,534.98,352.31,1,6.004
1,535.57,352.27,1,6.1888
1,536.09,352.42,1,4.3811
1,536.39,352.6,1,2.7233
1,536.32,352.7,1,1.1034
1,536.14,352.48,1,3.3154
1,535.92,352.15,1,4.1002
1,535.89,351.84,1,4.3238
1,535.85,351.4,1,5.0062
1,535.74,351.1,1,4.3533
1,535.72,350.84,1,2.802
1,535.58,350.72,1,1.5022
1,535.46,350.68,1,0.6251
1,535.38,350.64,1,2.6335
1,535.44,350.89,1,3.469
1,535.55,351.27,1,4.7958
1,535.72,351.74,1,4.9861
1,535.76,352.19,1,4.0348
1,535.84,352.42,1,2.9596
1,535.78,352.54,1,2.6227
1,535.63,352.59,1,2.2646
1,535.33,352.44,1,2.1308
1,535.14,352.43,1,1.7276
1,535.06,352.24,1,2.2366
1,535.1,352.07,1,2.4187
1,535.28,351.89,1,3.6683
1,535.74,351.74,1,4.54
1,536.1,351.59,1,4.6224
1,536.48,351.65,1,4.1077
1,536.66,351.88,1,3.2684
1,536.79,352.12,1,3.5595
1,536.8,352.46,1,2.8824
1,536.67,352.63,1,3.3553
1,536.46,352.73,1,4.6698
1,536.26,353.02,1,4.756
1,535.98,353.17,1,4.564
1,536,353.41,1,5.7037
1,536.02,353.92,1,6.8396
1,536.06,354.45,1,7.5042
1,536.27,355.03,1,8.8751
1,536.66,355.53,1,7.8204
1,537.01,355.99,1,6.204
1,537.18,356.46,1,4.8045
1,537.21,356.7,1,2.4003
1,537.12,356.65,1,1.373
1,536.87,356.57,1,2.0045
1,536.63,356.6,1,1.7828
1,536.7,356.71,1,1.5462
1,536.96,356.92,1,2.9168
1,537.32,357.06,1,3.4573
1,537.64,357.18,1,3.3306
1,537.88,357.31,1,2.0231
1,537.89,357.23,1,0.45989
1,537.72,357.17,1,1.9913
1,537.47,357.21,1,2.5117
1,537.19,357.26,1,1.5466
1,537.01,357.11,1,1.149
1,537.01,356.88,1,0.72396
1,537.16,356.79,1,1.2301
1,537.41,357.04,1,1.7814
1,537.63,357.09,1,1.7752
1,537.74,357.23,1,1.2392
1,537.83,357.22,1,1.6272
1,537.63,357.06,1,2.8932
1,537.46,356.75,1,4.0975
1,537.36,356.34,1,5.0069
1,537.17,356.05,1,4.7378
1,537.01,355.91,1,4.2098
1,536.75,355.67,1,4.5825
1,536.57,355.59,1,4.3077
1,536.43,355.42,1,4.458
1,536.12,355.21,1,5.0011
1,535.91,354.97,1,5.2472
1,535.8,354.59,1,5.1633
1,535.64,354.2,1,4.7989
1,535.66,353.84,1,4.4449
1,535.67,353.65,1,4.1512
1,535.76,353.44,1,4.2654
1,535.79,353.26,1,4.8403
1,535.73,353.02,1,5.8043
1,535.66,352.64,1,6.9253
1,535.53,352.07,1,8.2861
1,535.33,351.44,1,9.1443
1,535.01,350.94,1,10.034
1,534.68,350.33,1,9.7051
1,534.33,349.7,1,8.7511
1,534.11,349.12,1,6.8504
1,534.08,348.67,1,4.9106
1,534.18,348.39,1,3.301
1,534.33,348.29,1,2.0507
1,534.38,348.32,1,1.0303
1,534.2,348.53,1,1.5836
1,533.92,348.58,1,0.91588
1,533.6,348.54,1,1.0535
1,533.72,348.37,1,2.7921
1,534.13,348.27,1,4.0673
1,534.61,348.31,1,4.9486
1,535.09,348.49,1,5.2814
1,535.48,348.54,1,5.163
1,535.76,348.58,1,3.8969
1,535.82,348.62,1,2.8345
1,535.85,348.67,1,1.8243
1,536.01,348.75,1,1.7617
1,536.09,348.81,1,2.4755
1,536.2,348.88,1,2.7907
1,536.39,348.8,1,2.3308
1,536.65,348.54,1,1.5513
1,536.85,348.46,1,2.1588
1,536.78,348.66,1,3.3655
1,536.58,349.17,1,3.4013
1,536.39,349.74,1,2.624
1,536.25,350.01,1,1.0656
1,536.25,349.98,1,0.92509
1,536.55,349.55,1,3.1258
1,536.8,349.03,1,4.1706
1,536.74,348.66,1,3.6784
1,536.46,348.56,1,3.4123
1,536.18,348.51,1,2.0136
1,536.09,348.5,1,2.2386
1,536.26,348.33,1,3.4383
1,536.61,348.16,1,4.4575
1,537.24,347.98,1,5.0055
1,537.7,347.94,1,3.8106
1,537.88,347.94,1,2.8578
1,537.78,347.84,1,3.6356
1,537.43,347.46,1,4.7769
1,536.92,347.11,1,4.5742
1,536.53,346.81,1,3.5399
1,536.33,346.76,1,3.2277
1,536.28,347.04,1,3.1929
1,536.36,347.5,1,4.6299
1,536.34,348.17,1,3.3428
1,536.13,348.37,1,3.089
1,535.78,348.09,1,4.1921
1,535.44,347.73,1,6.1019
1,535.16,347.18,1,6.9293
1,534.91,346.69,1,6.5909
1,534.74,346.41,1,6.0777
1,534.6,346.11,1,5.4804
1,534.39,346.07,1,4.1915
1,534.29,345.74,1,4.842
1,534.18,345.24,1,4.2641
1,534.17,345.01,1,2.6546
1,534.14,344.85,1,2.6446
1,533.95,344.86,1,2.9255
1,533.81,345.06,1,3.8246
1,533.44,345.14,1,4.8152
1,533.04,345.33,1,4.9616
1,532.76,345.4,1,6.0197
1,532.36,344.98,1,7.1622
1,532.01,344.45,1,6.5678
1,531.78,343.92,1,5.3204
1,531.44,343.71,1,4.2764
1,531.23,343.72,1,2.716
1,531.04,343.74,1,1.8123
1,531.03,344.02,1,0.87325
1,531.22,344.11,1,1.5108
1,531.18,343.99,1,2.8036
1,531,343.68,1,3.7168
1,530.69,343.42,1,3.4521
1,530.3,343.44,1,3.9186
1,529.88,343.57,1,3.3734
1,529.7,343.65,1,3.223
1,529.75,343.86,1,3.1073
1,529.87,344.06,1,2.1091
1,529.81,344.35,1,1.8104
1,529.65,344.4,1,1.6273
1,529.42,344.34,1,1.9801
1,529.38,344.11,1,2.3434
1,529.24,343.96,1,3.6761
1,529.1,343.82,1,3.9482
1,528.81,343.91,1,4.0191
1,528.45,344.19,1,4.5808
1,528.07,344.48,1,4.686
1,527.73,344.66,1,4.1543
1,527.45,344.67,1,3.8383
1,527.46,344.39,1,5.0323
1,527.45,343.96,1,6.1429
1,527.24,343.41,1,6.7848
1,526.97,342.95,1,7.3942
1,526.61,342.53,1,6.7335
1,526.23,342.35,1,6.5424
1,525.84,342.2,1,6.1628
1,525.47,342.05,1,5.2788
1,525.26,341.85,1,3.9875
1,525.1,341.55,1,2.6127
1,525,341.34,1,1.0793
1,525.12,341.3,1,0.66223
1,525.17,341.31,1,2.763
1,525.3,341.7,1,4.8598
1,525.4,342.28,1,4.2244
1,525.53,342.68,1,2.9855
1,525.69,342.81,1,1.7612
1,525.82,342.67,1,1.0081
1,525.83,342.46,1,1.5555
1,525.85,342.11,1,1.9338
1,525.88,341.86,1,1.8454
1,526.02,341.95,1,2.304
1,526.16,342.46,1,3.1668
1,526.28,342.76,1,3.1775
1,526.37,342.98,1,2.6393
1,526.4,343.09,1,2.1263
1,526.33,343.15,1,1.3473
1,526.35,343.07,1,1.889
1,526.49,342.92,1,3.1327
1,526.84,342.71,1,3.6798
1,527.22,342.6,1,3.421
1,527.43,342.6,1,3.2913
1,527.56,342.89,1,3.4625
1,527.46,343.34,1,3.1677
1,527.4,343.81,1,2.268
1,527.34,344.04,1,0.96589
1,527.32,343.93,1,1.3306
1,527.36,343.55,1,2.0376
1,527.33,343.11,1,2.3546
1,527.1,343.03,1,2.7853
1,526.79,343.38,1,3.0905
1,526.57,343.86,1,4.2755
1,526.43,344.23,1,4.2334
1,526.27,344.33,1,4.3286
1,526.11,344.2,1,4.3217
1,525.77,343.96,1,4.35
1,525.38,343.81,1,4.6881
1,524.92,343.96,1,5.2185
1,524.5,344.36,1,4.5755
1,524.46,344.63,1,3.2113
1,524.44,344.73,1,2.9368
1,524.45,344.67,1,3.7812
1,524.2,344.57,1,4.7323
1,523.75,344.64,1,5.2176
1,523.32,344.81,1,5.1011
1,522.87,345,1,4.7744
1,522.55,345.15,1,5.0352
1,522.34,345.01,1,4.3459
1,522.24,344.75,1,4.2778
1,522.16,344.44,1,4.7151
1,521.77,344.28,1,5.8239
1,521.22,344.45,1,6.3572
1,520.66,344.67,1,5.684
1,520.16,344.91,1,3.7342
1,519.99,345.11,1,1.822
1,520.03,344.92,1,3.3592
1,520.36,344.48,1,4.4129
1,520.72,343.97,1,5.1893
1,520.69,343.48,1,4.7817
1,520.48,343.2,1,4.759
1,520.02,343.06,1,5.5522
1,519.41,343.09,1,5.4977
1,518.99,343.29,1,5.2008
1,518.78,343.23,1,4.6172
1,518.71,343.09,1,4.4172
1,518.53,343.03,1,4.6242
1,518.15,342.86,1,5.4563
1,517.72,342.74,1,4.6296
1,517.3,342.66,1,3.9643
1,516.98,342.63,1,3.4827
1,516.89,342.61,1,2.3726
1,516.97,342.46,1,3.6681
1,517.22,342.14,1,4.3712
1,517.38,341.83,1,4.4103
1,517.42,341.48,1,4.9896
1,517.31,341.03,1,4.5994
1,517.24,340.79,1,4.5659
1,517.14,340.59,1,3.9589
1,517,340.35,1,3.319
1,516.91,340.24,1,2.8403
1,516.88,340.09,1,3.5407
1,516.85,339.9,1,3.8883
1,516.89,339.65,1,3.9544
1,516.89,339.31,1,4.5745
1,516.96,339.08,1,4.4636
1,516.98,338.68,1,4.8559
1,516.94,338.37,1,5.6427
1,516.8,338.08,1,5.5914
1,516.49,337.78,1,4.9305
1,516.32,337.39,1,4.5154
1,516.38,337.1,1,4.6474
1,516.45,336.85,1,4.6893
1,516.68,336.64,1,5.3481
1,516.94,336.36,1,5.971
1,517.09,336.09,1,6.6805
1,517.07,335.55,1,7.7331
1,516.88,334.86,1,8.4993
1,516.55,334.28,1,8.864
1,516.35,333.82,1,9.0369
1,516.11,333.35,1,9.6745
1,515.88,332.87,1,10.142
1,515.66,332.19,1,9.6744
1,515.41,331.49,1,8.4907
1,515.29,330.83,1,7.7873
1,515.27,330.34,1,7.3208
1,515.21,330.08,1,6.562
1,515.38,329.82,1,5.8438
1,515.46,329.53,1,5.4977
1,515.6,329.12,1,4.8775
1,515.66,328.68,1,5.5966
1,515.56,328.28,1,5.9746
1,515.36,327.9,1,4.8786
1,515.02,327.82,1,4.0566
1,514.69,327.85,1,3.849
1,514.45,327.74,1,3.7745
1,514.28,327.58,1,4.3577
1,514.33,327.26,1,4.5296
1,514.35,327.02,1,4.4457
1,514.2,326.64,1,4.6541
1,513.9,326.23,1,4.7464
1,513.54,326.06,1,3.9315
1,513.22,326.11,1,3.1719
1,512.99,326.28,1,2.1869
1,512.96,326.52,1,0.5924
1,513.03,326.6,1,1.3957
1,513.18,326.49,1,2.2722
1,513.29,326.17,1,2.6213
1,513.38,325.85,1,2.5465
1,513.57,325.62,1,2.7287
1,513.66,325.56,1,2.8612
1,513.53,325.63,1,3.7473
1,513.27,325.6,1,5.0302
1,512.91,325.3,1,6.1902
1,512.6,324.76,1,7.2688
1,512.31,324.1,1,7.6939
1,512.22,323.5,1,6.9506
1,512.32,323.09,1,5.1851
1,512.36,322.91,1,4.3188
1,512.33,322.86,1,4.4265
1,512.36,322.64,1,4.6851
1,512.41,322.29,1,4.9567
1,512.65,321.92,1,4.574
1,512.88,321.62,1,4.6384
1,513.11,321.3,1,4.7372
1,513.23,320.98,1,3.4005
1,513.18,320.95,1,2.1655
1,513.05,320.91,1,1.5859
1,512.95,320.82,1,2.3982
1,512.83,320.71,1,3.2115
1,512.85,320.51,1,3.1923
1,512.71,320.33,1,3.0153
1,512.45,320.08,1,2.8434
1,512.26,319.93,1,3.4414
1,511.99,320.21,1,3.9834
1,511.72,320.53,1,4.1286
1,511.57,321.06,1,3.6178
1,511.59,321.42,1,2.8858
1,511.82,321.48,1,1.7106
1,511.89,321.38,1,0.88879
1,511.93,321.19,1,0.86684
1,511.98,321.25,1,1.4435
1,511.76,321.47,1,2.5777
1,511.47,321.69,1,3.3039
1,511.13,321.78,1,3.5532
1,510.94,321.55,1,3.8562
1,510.9,321.02,1,3.4807
1,510.75,320.43,1,1.6338
1,510.73,320.24,1,1.8328
1,510.78,320.61,1,4.8744
1,510.8,321.35,1,6.1063
1,510.84,322.24,1,5.9328
1,510.87,322.83,1,3.6388
1,510.96,322.94,1,2.1978
1,511.09,322.44,1,3.581
1,511.33,321.98,1,4.6901
1,511.73,321.8,1,4.2812
1,512.17,321.75,1,2.659
1,512.32,321.82,1,0.71158
1,512.24,321.96,1,0.53174
1,512.02,321.99,1,1.1554
1,511.75,321.96,1,1.1506
1,511.56,321.73,1,1.6633
1,511.61,321.77,1,0.48064
1,511.8,321.88,1,0.7243
1,511.99,321.97,1,1.3084
1,511.97,322.01,1,3.4147
1,511.91,321.74,1,4.8919
1,511.81,321.26,1,6.074
1,511.7,320.81,1,6.4234
1,511.61,320.19,1,6.8887
1,511.6,319.6,1,6.2271
1,511.49,319.25,1,4.8063
1,511.47,319.06,1,2.4364
1,511.36,319.05,1,1.467
1,511.23,319.13,1,1.7162
1,511.21,319.41,1,2.3708
1,511.28,319.72,1,2.8537
1,511.48,320.03,1,2.1227
1,511.82,320.13,1,1.4712
1,511.91,319.97,1,2.2078
1,512,319.58,1,3.7098
1,511.82,319.26,1,5.6286
1,511.54,318.91,1,6.1464
1,511.63,318.51,1,6.6747
1,511.97,318.05,1,6.8238
1,512.38,317.6,1,5.7439
1,512.64,317.16,1,5.07
1,512.44,316.75,1,4.7851
1,512.1,316.52,1,3.7208
1,511.61,316.59,1,2.976
1,511.24,316.46,1,2.7229
1,511.26,316.63,1,1.4859
1,511.44,316.74,1,1.2947
1,511.57,316.79,1,1.942
1,511.68,316.98,1,2.0017
1,511.67,317.1,1,1.4538
1,511.67,317.13,1,1.222
1,511.69,317.19,1,1.1101
1,511.8,317.16,1,1.6349
1,511.96,317.3,1,2.0291
1,512.06,317.2,1,2.9281
1,512.13,317.04,1,4.0104
1,512.32,316.84,1,4.8644
1,512.56,316.41,1,5.043
1,512.79,316.05,1,5.5009
1,513.03,315.7,1,4.6315
1,513.13,315.52,1,3.815
1,513.32,315.38,1,2.8346
1,513.34,315.23,1,1.3969
1,513.32,315.22,1,0.75954
1,513.39,315.3,1,0.51744
1,513.44,315.38,1,1.4592
1,513.48,315.45,1,2.4707
1,513.49,315.21,1,4.0256
1,513.38,314.84,1,4.7043
1,513.21,314.44,1,5.3454
1,512.87,313.93,1,5.8475
1,512.59,313.6,1,4.8762
1,512.4,313.41,1,2.7325
1,512.3,313.51,1,1.7351
1,512.33,313.73,1,2.1815
1,512.34,313.65,1,3.8288
1,512.35,313.21,1,4.1241
1,512.22,312.85,1,3.6757
1,512.09,312.37,1,2.4454
1,511.97,312.15,1,1.9073
1,511.86,312.25,1,2.2405
1,511.77,312.58,1,3.2583
1,511.59,313.1,1,4.0723
1,511.33,313.29,1,3.3948
1,511.05,313.12,1,2.1691
1,510.87,313.01,1,1.6851
1,510.87,312.81,1,1.9435
1,510.81,312.87,1,1.8327
1,510.8,313.11,1,2.3437
1,510.69,313.27,1,1.83
1,510.55,313.5,1,1.3784
1,510.54,313.62,1,1.656
1,510.38,313.54,1,2.9472
1,510.32,313.31,1,3.3108
1,510.38,312.79,1,2.3353
1,510.28,312.47,1,1.5524
1,510.14,312.54,1,1.4771
1,509.89,312.83,1,1.2317
1,509.82,312.98,1,0.29205
1,510,313.05,1,1.7563
1,510.06,312.99,1,3.1059
1,510.13,313.03,1,3.2904
1,510.22,313.09,1,2.7259
1,510.17,313.33,1,4.9084
1,510.02,313.97,1,7.5651
1,510.02,314.61,1,10.151
1,510.22,315.21,1,9.8823
1,510.65,315.79,1,9.0647
1,511.02,316.5,1,6.6183
1,511.29,317.1,1,5.1956
1,511.52,317.25,1,4.7141
1,511.78,316.87,1,6.0174
1,512,316.12,1,6.6668
1,512.22,315.23,1,6.9471
1,512.32,314.73,1,5.4664
1,512.35,314.46,1,3.3016
1,512.11,314.65,1,1.5529
1,511.83,314.75,1,1.6034
1,511.68,314.84,1,1.1734
1,511.7,314.84,1,0.63153
1,511.82,314.68,1,1.3349
1,511.94,314.63,1,2.4688
1,512.02,314.84,1,3.9085
1,512.16,315.15,1,4.9526
1,512.37,315.55,1,5.7482
1,512.72,315.82,1,6.2645
1,513.15,316.05,1,6.7206
1,513.66,316.11,1,6.1382
1,514.13,316.21,1,5.3673
1,514.47,316.21,1,5.2969
1,514.7,316,1,4.1417
1,514.83,315.81,1,3.7512
1,514.95,315.47,1,3.3217
1,514.95,315.12,1,3.3371
1,514.86,314.94,1,3.8004
1,514.74,314.8,1,3.9566
1,514.68,314.71,1,3.6608
1,514.48,314.52,1,3.8082
1,514.39,314.18,1,5.1524
1,514.39,313.84,1,5.6189
1,514.39,313.32,1,5.6675
1,514.38,312.88,1,4.543
1,514.26,312.63,1,3.4403
1,514.04,312.53,1,4.2049
1,513.85,312.63,1,5.578
1,513.41,312.97,1,8.0854
1,512.83,313.32,1,10.082
1,512.04,313.49,1,9.9085
1,511.17,313.42,1,9.1479
1,510.55,313.27,1,7.7886
1,510.08,313.16,1,6.8812
1,509.84,313.19,1,6.6996
1,509.66,313.22,1,6.5449
1,509.42,313.11,1,6.5686
1,509.03,312.71,1,7.3048
1,508.41,312.27,1,8.5254
1,507.83,311.71,1,8.0985
1,507.52,311.27,1,6.7864
1,507.38,310.98,1,4.609
1,507.45,310.87,1,2.4628
1,507.47,310.83,1,2.0966
1,507.42,310.79,1,3.1133
1,507.19,310.82,1,3.9549
1,506.78,310.87,1,4.196
1,506.25,310.9,1,3.3644
1,505.93,310.94,1,1.6048
1,505.9,310.75,1,1.8155
1,506.23,310.53,1,2.3745
1,506.6,310.42,1,3.0217
1,506.94,310.35,1,3.677
1,507.18,310.34,1,3.5279
1,507.28,310.51,1,2.9591
1,507.33,310.8,1,3.0666
1,507.3,311.15,1,3.1202
1,507.33,311.36,1,2.0737
1,507.29,311.39,1,2.2268
1,506.96,311.38,1,2.6058
1,506.6,311.32,1,2.3263
1,506.39,311.19,1,1.3024
1,506.38,311.22,1,1.7677
1,506.52,311.4,1,2.1732
1,506.7,311.67,1,2.771
1,506.89,311.9,1,3.1402
1,506.92,312.01,1,3.3432
1,506.74,312.14,1,5.0039
1,506.45,312.46,1,5.9005
1,506.21,312.87,1,5.3034
1,506.2,313.29,1,5.3362
1,506.24,313.87,1,4.6499
1,506.3,314.23,1,2.902
1,506.39,314.3,1,1.4346
1,506.56,314.18,2,0.90263
1,506.7,313.83,2,3.6207
1,506.53,313.52,2,8.0572
1,505.98,313.52,2,13.065
1,505.11,313.7,2,18.335
1,503.74,314.24,2,25.432
1,501.82,315.33,2,30.953
1,499.97,316.98,2,35.279
1,498.53,319.29,2,37.975
1,497.65,322.07,2,37.3
1,497.53,324.83,2,35.853
1,498.01,327.54,2,33.275
1,498.82,329.76,2,27.08
1,499.59,331.11,2,19.829
1,500.14,331.91,2,13.001
1,500.69,332,2,9.177
1,501.17,331.65,2,8.7792
1,501.58,331.03,0,9.591
1,502.11,330.06,0,10.063
1,502.61,329.32,0,8.8825
1,502.95,328.88,0,5.5252
1,503.08,328.67,0,2.1382
1,503.08,328.97,0,3.488
1,503.05,329.45,0,6.1465
1,503.04,330.15,0,6.7546
1,503.01,330.69,0,6.2459
1,503.1,331.08,0,4.9389
1,503.09,331.34,0,4.7219
1,502.99,331.45,0,4.2598
1,502.72,331.55,0,3.7318
1,502.37,331.63,0,4.1496
1,502.2,331.93,0,3.7935
1,502.16,332.35,0,4.0291
1,502.31,332.67,0,3.2307
1,502.6,332.97,0,1.7031
1,502.69,333,0,1.614
1,502.53,332.81,0,4.1008
1,502.02,332.57,0,5.9793
1,501.45,332.31,0,7.6007
1,500.86,332.18,0,7.3978
1,500.31,332.34,0,6.7697
1,499.92,332.74,0,5.8438
1,499.69,333.18,0,4.8054
1,499.59,333.45,0,3.8559
1,499.55,333.49,0,3.1378
1,499.37,333.46,0,3.3102
1,499.23,333.37,0,3.6727
1,498.88,333.11,0,4.5519
1,498.54,333.14,0,5.2362
1,498.21,333.33,0,5.9539
1,497.82,333.17,0,6.3513
1,497.4,333.05,0,5.8244
1,497.03,332.92,0,5.7704
1,496.62,332.71,0,5.4219
1,496.33,332.54,0,5.0028
1,496.01,332.48,0,5.1393
1,495.81,332.77,0,4.9764
1,495.6,333.36,0,4.5182
1,495.3,333.43,0,4.6038
1,494.86,333.41,0,4.6659
1,494.63,333.09,0,4.9015
1,494.44,332.44,0,4.8156
1,494.35,331.84,0,3.8016
1,494.31,331.63,0,2.9639
1,494.32,331.75,0,0.88788
1,494.36,332.12,0,0.27189
1,494.39,332.2,0,1.0731
1,494.39,332.09,0,3.3097
1,494.26,331.83,0,4.8837
1,493.88,331.53,0,6.6392
1,493.26,331.35,0,7.0041
1,492.57,331.41,0,5.7391
1,492.07,331.37,0,4.6884
1,491.86,331.38,0,3.5975
1,491.86,331.21,0,2.7587
1,492.1,330.91,0,3.4661
1,492.24,330.59,0,3.3407
1,492.4,330.4,0,2.7246
1,492.4,330.21,0,1.8131
1,492.24,330.17,0,1.5394
1,492.14,330.21,0,0.9087
1,492.06,330.3,0,0.66535
1,492.01,330.23,0,0.33568
1,492.07,330.17,0,0.36988
1,492.11,330.08,0,0.84488
1,492.14,330.09,0,0.83914
1,492.1,330.13,0,0.81069
1,491.95,330.25,0,1.5208
1,491.79,330.35,0,2.7891
1,491.64,330.54,0,2.8582
1,491.61,330.58,0,2.3377
1,491.55,330.69,0,2.4501
1,491.39,330.75,0,2.49
1,491.14,330.8,0,3.034
1,490.92,330.97,0,3.099
1,490.87,331.15,0,2.8012
1,490.87,331.35,0,1.8807
1,490.82,331.55,0,1.9749
1,490.71,331.56,0,2.0818
1,490.5,331.43,0,2.5666
1,490.34,331.08,0,3.1056
1,490.24,330.71,0,3.3844
1,490.08,330.52,0,2.531
1,490.11,330.49,0,2.044
1,490.16,330.56,0,2.257
1,490.21,330.48,0,3.4223
1,490.34,330.3,0,4.1115
1,490.53,329.98,0,4.7878
1,490.92,329.58,0,5.7603
1,491.16,329.13,0,5.3645
1,491.08,328.81,0,5.766
1,490.7,328.57,0,5.998
1,490.14,328.27,0,5.5008
1,489.7,327.88,0,3.9074
1,489.63,327.56,0,2.9142
1,489.9,327.49,0,4.7182
1,490.56,327.42,0,6.5832
1,491.32,327.53,0,7.4633
1,491.97,327.6,0,6.6516
1,492.18,327.54,0,5.6385
1,492.22,327.3,0,6.2407
1,492.39,326.9,0,7.7288
1,492.74,326.55,0,9.6211
1,493.31,326.23,0,11.067
1,493.99,325.47,0,11.805
1,494.69,324.87,0,10.37
1,495.32,324.35,0,9.3959
1,495.8,324.1,0,6.8379
1,496.17,324.21,0,4.3376
1,496.32,324.53,0,4.1281
1,496.45,324.94,0,5.0677
1,496.63,325.27,0,5.5313
1,496.82,325.29,0,4.5997
1,497.11,325.31,0,3.5533
1,497.36,325.56,0,2.9442
1,497.55,325.76,0,3.7023
1,497.8,325.82,0,3.8996
1,498.04,325.71,0,1.5848
1,NaN,NaN,4,NaN
1,NaN,NaN,4,NaN
1,NaN,NaN,4,NaN
1,NaN,NaN,4,NaN
1,NaN,NaN,4,NaN
1,NaN,NaN,4,NaN
1,NaN,NaN,4,NaN
1,NaN,NaN,4,NaN
1,NaN,NaN,4,NaN
1,NaN,NaN,4,NaN
